"LOCATION","INDICATOR","SUBJECT","MEASURE","FREQUENCY","TIME","Value","Flag Codes"
"AUS","MEDICALDOC","TOT","1000HAB","A","1961",1.13,
"AUS","MEDICALDOC","TOT","1000HAB","A","1964",1.23,
"AUS","MEDICALDOC","TOT","1000HAB","A","1965",1.22,
"AUS","MEDICALDOC","TOT","1000HAB","A","1966",1.23,
"AUS","MEDICALDOC","TOT","1000HAB","A","1967",1.26,
"AUS","MEDICALDOC","TOT","1000HAB","A","1968",1.24,
"AUS","MEDICALDOC","TOT","1000HAB","A","1969",1.26,
"AUS","MEDICALDOC","TOT","1000HAB","A","1970",1.33,
"AUS","MEDICALDOC","TOT","1000HAB","A","1971",1.26,
"AUS","MEDICALDOC","TOT","1000HAB","A","1972",1.38,
"AUS","MEDICALDOC","TOT","1000HAB","A","1973",1.35,
"AUS","MEDICALDOC","TOT","1000HAB","A","1974",1.42,
"AUS","MEDICALDOC","TOT","1000HAB","A","1975",1.48,
"AUS","MEDICALDOC","TOT","1000HAB","A","1976",1.64,
"AUS","MEDICALDOC","TOT","1000HAB","A","1977",1.65,
"AUS","MEDICALDOC","TOT","1000HAB","A","1978",1.85,
"AUS","MEDICALDOC","TOT","1000HAB","A","1979",1.78,
"AUS","MEDICALDOC","TOT","1000HAB","A","1980",1.85,
"AUS","MEDICALDOC","TOT","1000HAB","A","1981",1.86,
"AUS","MEDICALDOC","TOT","1000HAB","A","1982",1.9,
"AUS","MEDICALDOC","TOT","1000HAB","A","1983",1.95,
"AUS","MEDICALDOC","TOT","1000HAB","A","1984",1.83,"B"
"AUS","MEDICALDOC","TOT","1000HAB","A","1985",1.91,
"AUS","MEDICALDOC","TOT","1000HAB","A","1986",2.01,
"AUS","MEDICALDOC","TOT","1000HAB","A","1987",2.06,
"AUS","MEDICALDOC","TOT","1000HAB","A","1988",2.1,
"AUS","MEDICALDOC","TOT","1000HAB","A","1989",2.14,
"AUS","MEDICALDOC","TOT","1000HAB","A","1990",2.17,
"AUS","MEDICALDOC","TOT","1000HAB","A","1991",2.33,"B"
"AUS","MEDICALDOC","TOT","1000HAB","A","1992",2.37,
"AUS","MEDICALDOC","TOT","1000HAB","A","1993",2.4,
"AUS","MEDICALDOC","TOT","1000HAB","A","1994",2.44,
"AUS","MEDICALDOC","TOT","1000HAB","A","1995",2.48,
"AUS","MEDICALDOC","TOT","1000HAB","A","1996",2.4,
"AUS","MEDICALDOC","TOT","1000HAB","A","1997",2.4,
"AUS","MEDICALDOC","TOT","1000HAB","A","1998",2.4,
"AUS","MEDICALDOC","TOT","1000HAB","A","1999",2.45,
"AUS","MEDICALDOC","TOT","1000HAB","A","2000",2.49,
"AUS","MEDICALDOC","TOT","1000HAB","A","2001",2.56,
"AUS","MEDICALDOC","TOT","1000HAB","A","2002",2.56,
"AUS","MEDICALDOC","TOT","1000HAB","A","2003",2.63,
"AUS","MEDICALDOC","TOT","1000HAB","A","2004",2.71,
"AUS","MEDICALDOC","TOT","1000HAB","A","2005",2.78,
"AUS","MEDICALDOC","TOT","1000HAB","A","2006",2.84,
"AUS","MEDICALDOC","TOT","1000HAB","A","2007",3.01,
"AUS","MEDICALDOC","TOT","1000HAB","A","2008",3.02,
"AUS","MEDICALDOC","TOT","1000HAB","A","2009",3.12,
"AUS","MEDICALDOC","TOT","1000HAB","A","2011",3.32,
"AUS","MEDICALDOC","TOT","1000HAB","A","2012",3.31,"E"
"AUS","MEDICALDOC","TOT","1000HAB","A","2013",3.37,
"AUS","MEDICALDOC","TOT","1000HAB","A","2014",3.45,"E"
"AUS","MEDICALDOC","TOT","1000HAB","A","2015",3.51,"E"
"AUS","MEDICALDOC","TOT","1000HAB","A","2016",3.58,"E"
"AUS","MEDICALDOC","TOT","1000HAB","A","2017",3.68,"E"
"AUS","MEDICALDOC","TOT","1000HAB","A","2018",3.75,"E"
"AUT","MEDICALDOC","TOT","1000HAB","A","1960",1.59,
"AUT","MEDICALDOC","TOT","1000HAB","A","1961",1.58,
"AUT","MEDICALDOC","TOT","1000HAB","A","1962",1.57,
"AUT","MEDICALDOC","TOT","1000HAB","A","1963",1.56,
"AUT","MEDICALDOC","TOT","1000HAB","A","1964",1.56,
"AUT","MEDICALDOC","TOT","1000HAB","A","1965",1.56,
"AUT","MEDICALDOC","TOT","1000HAB","A","1966",1.57,
"AUT","MEDICALDOC","TOT","1000HAB","A","1967",1.58,
"AUT","MEDICALDOC","TOT","1000HAB","A","1968",1.6,
"AUT","MEDICALDOC","TOT","1000HAB","A","1969",1.63,
"AUT","MEDICALDOC","TOT","1000HAB","A","1970",1.67,
"AUT","MEDICALDOC","TOT","1000HAB","A","1971",1.7,
"AUT","MEDICALDOC","TOT","1000HAB","A","1972",1.71,
"AUT","MEDICALDOC","TOT","1000HAB","A","1973",1.76,
"AUT","MEDICALDOC","TOT","1000HAB","A","1974",1.81,
"AUT","MEDICALDOC","TOT","1000HAB","A","1975",1.87,
"AUT","MEDICALDOC","TOT","1000HAB","A","1976",1.95,
"AUT","MEDICALDOC","TOT","1000HAB","A","1977",2.01,
"AUT","MEDICALDOC","TOT","1000HAB","A","1978",2.07,
"AUT","MEDICALDOC","TOT","1000HAB","A","1979",2.14,
"AUT","MEDICALDOC","TOT","1000HAB","A","1980",2.21,
"AUT","MEDICALDOC","TOT","1000HAB","A","1981",2.27,
"AUT","MEDICALDOC","TOT","1000HAB","A","1982",2.33,
"AUT","MEDICALDOC","TOT","1000HAB","A","1983",2.42,
"AUT","MEDICALDOC","TOT","1000HAB","A","1984",2.5,
"AUT","MEDICALDOC","TOT","1000HAB","A","1985",2.57,
"AUT","MEDICALDOC","TOT","1000HAB","A","1986",2.67,
"AUT","MEDICALDOC","TOT","1000HAB","A","1987",2.7,
"AUT","MEDICALDOC","TOT","1000HAB","A","1988",2.8,
"AUT","MEDICALDOC","TOT","1000HAB","A","1989",2.9,
"AUT","MEDICALDOC","TOT","1000HAB","A","1990",3.01,
"AUT","MEDICALDOC","TOT","1000HAB","A","1991",3.09,
"AUT","MEDICALDOC","TOT","1000HAB","A","1992",3.21,
"AUT","MEDICALDOC","TOT","1000HAB","A","1993",3.3,
"AUT","MEDICALDOC","TOT","1000HAB","A","1994",3.41,
"AUT","MEDICALDOC","TOT","1000HAB","A","1995",3.51,
"AUT","MEDICALDOC","TOT","1000HAB","A","1996",3.58,
"AUT","MEDICALDOC","TOT","1000HAB","A","1997",3.66,
"AUT","MEDICALDOC","TOT","1000HAB","A","1998",3.77,
"AUT","MEDICALDOC","TOT","1000HAB","A","1999",3.77,
"AUT","MEDICALDOC","TOT","1000HAB","A","2000",3.85,
"AUT","MEDICALDOC","TOT","1000HAB","A","2001",3.96,
"AUT","MEDICALDOC","TOT","1000HAB","A","2002",4.03,
"AUT","MEDICALDOC","TOT","1000HAB","A","2003",4.11,
"AUT","MEDICALDOC","TOT","1000HAB","A","2004",4.2,
"AUT","MEDICALDOC","TOT","1000HAB","A","2005",4.32,
"AUT","MEDICALDOC","TOT","1000HAB","A","2006",4.45,
"AUT","MEDICALDOC","TOT","1000HAB","A","2007",4.54,
"AUT","MEDICALDOC","TOT","1000HAB","A","2008",4.6,
"AUT","MEDICALDOC","TOT","1000HAB","A","2009",4.69,
"AUT","MEDICALDOC","TOT","1000HAB","A","2010",4.8,
"AUT","MEDICALDOC","TOT","1000HAB","A","2011",4.84,
"AUT","MEDICALDOC","TOT","1000HAB","A","2012",4.9,
"AUT","MEDICALDOC","TOT","1000HAB","A","2013",4.99,
"AUT","MEDICALDOC","TOT","1000HAB","A","2014",5.05,
"AUT","MEDICALDOC","TOT","1000HAB","A","2015",5.09,
"AUT","MEDICALDOC","TOT","1000HAB","A","2016",5.13,
"AUT","MEDICALDOC","TOT","1000HAB","A","2017",5.18,
"AUT","MEDICALDOC","TOT","1000HAB","A","2018",5.24,
"BEL","MEDICALDOC","TOT","1000HAB","A","1960",1.28,
"BEL","MEDICALDOC","TOT","1000HAB","A","1961",1.35,
"BEL","MEDICALDOC","TOT","1000HAB","A","1962",1.4,
"BEL","MEDICALDOC","TOT","1000HAB","A","1963",1.42,
"BEL","MEDICALDOC","TOT","1000HAB","A","1964",1.44,
"BEL","MEDICALDOC","TOT","1000HAB","A","1965",1.46,
"BEL","MEDICALDOC","TOT","1000HAB","A","1966",1.49,
"BEL","MEDICALDOC","TOT","1000HAB","A","1967",1.52,
"BEL","MEDICALDOC","TOT","1000HAB","A","1968",1.55,
"BEL","MEDICALDOC","TOT","1000HAB","A","1969",1.55,
"BEL","MEDICALDOC","TOT","1000HAB","A","1971",1.54,
"BEL","MEDICALDOC","TOT","1000HAB","A","1972",1.64,
"BEL","MEDICALDOC","TOT","1000HAB","A","1973",1.69,
"BEL","MEDICALDOC","TOT","1000HAB","A","1974",1.77,
"BEL","MEDICALDOC","TOT","1000HAB","A","1975",1.89,
"BEL","MEDICALDOC","TOT","1000HAB","A","1976",1.91,
"BEL","MEDICALDOC","TOT","1000HAB","A","1977",2,
"BEL","MEDICALDOC","TOT","1000HAB","A","1978",2.15,
"BEL","MEDICALDOC","TOT","1000HAB","A","1979",2.24,
"BEL","MEDICALDOC","TOT","1000HAB","A","1980",2.31,
"BEL","MEDICALDOC","TOT","1000HAB","A","1981",2.43,
"BEL","MEDICALDOC","TOT","1000HAB","A","1982",2.52,
"BEL","MEDICALDOC","TOT","1000HAB","A","1983",2.81,
"BEL","MEDICALDOC","TOT","1000HAB","A","1984",2.75,
"BEL","MEDICALDOC","TOT","1000HAB","A","1985",2.84,
"BEL","MEDICALDOC","TOT","1000HAB","A","1986",2.92,
"BEL","MEDICALDOC","TOT","1000HAB","A","1987",3.02,
"BEL","MEDICALDOC","TOT","1000HAB","A","1988",3.1,
"BEL","MEDICALDOC","TOT","1000HAB","A","1989",3.23,
"BEL","MEDICALDOC","TOT","1000HAB","A","1990",3.27,
"BEL","MEDICALDOC","TOT","1000HAB","A","1991",3.33,
"BEL","MEDICALDOC","TOT","1000HAB","A","1992",3.39,
"BEL","MEDICALDOC","TOT","1000HAB","A","1993",3.44,
"BEL","MEDICALDOC","TOT","1000HAB","A","1994",3.51,
"BEL","MEDICALDOC","TOT","1000HAB","A","1995",3.54,
"BEL","MEDICALDOC","TOT","1000HAB","A","1996",3.61,
"BEL","MEDICALDOC","TOT","1000HAB","A","1997",3.68,
"BEL","MEDICALDOC","TOT","1000HAB","A","1998",3.74,
"BEL","MEDICALDOC","TOT","1000HAB","A","1999",2.8,"B"
"BEL","MEDICALDOC","TOT","1000HAB","A","2000",2.83,
"BEL","MEDICALDOC","TOT","1000HAB","A","2001",2.85,
"BEL","MEDICALDOC","TOT","1000HAB","A","2002",2.86,
"BEL","MEDICALDOC","TOT","1000HAB","A","2003",2.86,
"BEL","MEDICALDOC","TOT","1000HAB","A","2004",2.87,
"BEL","MEDICALDOC","TOT","1000HAB","A","2005",2.87,
"BEL","MEDICALDOC","TOT","1000HAB","A","2006",2.89,
"BEL","MEDICALDOC","TOT","1000HAB","A","2007",2.91,
"BEL","MEDICALDOC","TOT","1000HAB","A","2008",2.92,
"BEL","MEDICALDOC","TOT","1000HAB","A","2009",2.92,
"BEL","MEDICALDOC","TOT","1000HAB","A","2010",2.92,
"BEL","MEDICALDOC","TOT","1000HAB","A","2011",2.92,
"BEL","MEDICALDOC","TOT","1000HAB","A","2012",2.93,
"BEL","MEDICALDOC","TOT","1000HAB","A","2013",2.96,
"BEL","MEDICALDOC","TOT","1000HAB","A","2014",2.98,
"BEL","MEDICALDOC","TOT","1000HAB","A","2015",3.02,
"BEL","MEDICALDOC","TOT","1000HAB","A","2016",3.07,
"BEL","MEDICALDOC","TOT","1000HAB","A","2017",3.08,
"BEL","MEDICALDOC","TOT","1000HAB","A","2018",3.13,
"CAN","MEDICALDOC","TOT","1000HAB","A","1961",1.14,
"CAN","MEDICALDOC","TOT","1000HAB","A","1962",1.22,
"CAN","MEDICALDOC","TOT","1000HAB","A","1963",1.24,
"CAN","MEDICALDOC","TOT","1000HAB","A","1964",1.26,
"CAN","MEDICALDOC","TOT","1000HAB","A","1965",1.27,
"CAN","MEDICALDOC","TOT","1000HAB","A","1966",1.3,
"CAN","MEDICALDOC","TOT","1000HAB","A","1967",1.32,
"CAN","MEDICALDOC","TOT","1000HAB","A","1968",1.33,"B"
"CAN","MEDICALDOC","TOT","1000HAB","A","1969",1.38,
"CAN","MEDICALDOC","TOT","1000HAB","A","1970",1.43,
"CAN","MEDICALDOC","TOT","1000HAB","A","1971",1.5,
"CAN","MEDICALDOC","TOT","1000HAB","A","1972",1.55,
"CAN","MEDICALDOC","TOT","1000HAB","A","1973",1.6,
"CAN","MEDICALDOC","TOT","1000HAB","A","1974",1.63,
"CAN","MEDICALDOC","TOT","1000HAB","A","1975",1.69,
"CAN","MEDICALDOC","TOT","1000HAB","A","1976",1.71,
"CAN","MEDICALDOC","TOT","1000HAB","A","1977",1.75,
"CAN","MEDICALDOC","TOT","1000HAB","A","1978",1.77,
"CAN","MEDICALDOC","TOT","1000HAB","A","1979",1.78,
"CAN","MEDICALDOC","TOT","1000HAB","A","1980",1.8,
"CAN","MEDICALDOC","TOT","1000HAB","A","1981",1.83,
"CAN","MEDICALDOC","TOT","1000HAB","A","1982",1.89,
"CAN","MEDICALDOC","TOT","1000HAB","A","1983",1.92,
"CAN","MEDICALDOC","TOT","1000HAB","A","1984",1.95,
"CAN","MEDICALDOC","TOT","1000HAB","A","1985",2.01,
"CAN","MEDICALDOC","TOT","1000HAB","A","1986",2.04,
"CAN","MEDICALDOC","TOT","1000HAB","A","1987",2.09,
"CAN","MEDICALDOC","TOT","1000HAB","A","1988",2.1,"B"
"CAN","MEDICALDOC","TOT","1000HAB","A","1989",2.12,
"CAN","MEDICALDOC","TOT","1000HAB","A","1990",2.11,
"CAN","MEDICALDOC","TOT","1000HAB","A","1991",2.12,
"CAN","MEDICALDOC","TOT","1000HAB","A","1992",2.13,
"CAN","MEDICALDOC","TOT","1000HAB","A","1993",2.15,
"CAN","MEDICALDOC","TOT","1000HAB","A","1994",2.13,
"CAN","MEDICALDOC","TOT","1000HAB","A","1995",2.11,
"CAN","MEDICALDOC","TOT","1000HAB","A","1996",2.09,
"CAN","MEDICALDOC","TOT","1000HAB","A","1997",2.07,
"CAN","MEDICALDOC","TOT","1000HAB","A","1998",2.09,
"CAN","MEDICALDOC","TOT","1000HAB","A","1999",2.09,
"CAN","MEDICALDOC","TOT","1000HAB","A","2000",2.1,
"CAN","MEDICALDOC","TOT","1000HAB","A","2001",2.1,
"CAN","MEDICALDOC","TOT","1000HAB","A","2002",2.11,
"CAN","MEDICALDOC","TOT","1000HAB","A","2003",2.1,
"CAN","MEDICALDOC","TOT","1000HAB","A","2004",2.13,
"CAN","MEDICALDOC","TOT","1000HAB","A","2005",2.16,
"CAN","MEDICALDOC","TOT","1000HAB","A","2006",2.18,
"CAN","MEDICALDOC","TOT","1000HAB","A","2007",2.22,
"CAN","MEDICALDOC","TOT","1000HAB","A","2008",2.26,
"CAN","MEDICALDOC","TOT","1000HAB","A","2009",2.34,
"CAN","MEDICALDOC","TOT","1000HAB","A","2010",2.38,
"CAN","MEDICALDOC","TOT","1000HAB","A","2011",2.46,
"CAN","MEDICALDOC","TOT","1000HAB","A","2012",2.51,
"CAN","MEDICALDOC","TOT","1000HAB","A","2013",2.57,
"CAN","MEDICALDOC","TOT","1000HAB","A","2014",2.62,
"CAN","MEDICALDOC","TOT","1000HAB","A","2015",2.67,
"CAN","MEDICALDOC","TOT","1000HAB","A","2016",2.69,
"CAN","MEDICALDOC","TOT","1000HAB","A","2017",2.73,
"CAN","MEDICALDOC","TOT","1000HAB","A","2018",2.78,
"CAN","MEDICALDOC","TOT","1000HAB","A","2019",2.8,"P"
"CZE","MEDICALDOC","TOT","1000HAB","A","1970",1.78,
"CZE","MEDICALDOC","TOT","1000HAB","A","1971",1.87,
"CZE","MEDICALDOC","TOT","1000HAB","A","1972",1.91,
"CZE","MEDICALDOC","TOT","1000HAB","A","1973",1.94,
"CZE","MEDICALDOC","TOT","1000HAB","A","1974",1.98,
"CZE","MEDICALDOC","TOT","1000HAB","A","1975",2.01,
"CZE","MEDICALDOC","TOT","1000HAB","A","1976",2.05,
"CZE","MEDICALDOC","TOT","1000HAB","A","1977",2.1,
"CZE","MEDICALDOC","TOT","1000HAB","A","1978",2.14,
"CZE","MEDICALDOC","TOT","1000HAB","A","1979",2.19,
"CZE","MEDICALDOC","TOT","1000HAB","A","1980",2.26,
"CZE","MEDICALDOC","TOT","1000HAB","A","1981",2.32,
"CZE","MEDICALDOC","TOT","1000HAB","A","1982",2.38,
"CZE","MEDICALDOC","TOT","1000HAB","A","1983",2.45,
"CZE","MEDICALDOC","TOT","1000HAB","A","1984",2.5,
"CZE","MEDICALDOC","TOT","1000HAB","A","1985",2.58,
"CZE","MEDICALDOC","TOT","1000HAB","A","1986",2.61,
"CZE","MEDICALDOC","TOT","1000HAB","A","1987",2.62,
"CZE","MEDICALDOC","TOT","1000HAB","A","1988",2.7,
"CZE","MEDICALDOC","TOT","1000HAB","A","1989",2.72,
"CZE","MEDICALDOC","TOT","1000HAB","A","1990",2.71,
"CZE","MEDICALDOC","TOT","1000HAB","A","1991",2.67,
"CZE","MEDICALDOC","TOT","1000HAB","A","1992",2.68,
"CZE","MEDICALDOC","TOT","1000HAB","A","1993",2.86,
"CZE","MEDICALDOC","TOT","1000HAB","A","1994",2.93,
"CZE","MEDICALDOC","TOT","1000HAB","A","1995",3,
"CZE","MEDICALDOC","TOT","1000HAB","A","1996",2.98,
"CZE","MEDICALDOC","TOT","1000HAB","A","1997",3.11,
"CZE","MEDICALDOC","TOT","1000HAB","A","1998",3.03,
"CZE","MEDICALDOC","TOT","1000HAB","A","1999",3.08,
"CZE","MEDICALDOC","TOT","1000HAB","A","2000",3.37,"B"
"CZE","MEDICALDOC","TOT","1000HAB","A","2001",3.45,
"CZE","MEDICALDOC","TOT","1000HAB","A","2002",3.51,
"CZE","MEDICALDOC","TOT","1000HAB","A","2003",3.53,
"CZE","MEDICALDOC","TOT","1000HAB","A","2004",3.52,
"CZE","MEDICALDOC","TOT","1000HAB","A","2005",3.56,
"CZE","MEDICALDOC","TOT","1000HAB","A","2006",3.57,
"CZE","MEDICALDOC","TOT","1000HAB","A","2007",3.57,
"CZE","MEDICALDOC","TOT","1000HAB","A","2008",3.56,
"CZE","MEDICALDOC","TOT","1000HAB","A","2009",3.58,
"CZE","MEDICALDOC","TOT","1000HAB","A","2010",3.6,
"CZE","MEDICALDOC","TOT","1000HAB","A","2011",3.64,
"CZE","MEDICALDOC","TOT","1000HAB","A","2012",3.67,
"CZE","MEDICALDOC","TOT","1000HAB","A","2013",3.69,
"CZE","MEDICALDOC","TOT","1000HAB","A","2018",4.04,
"DNK","MEDICALDOC","TOT","1000HAB","A","1980",1.77,
"DNK","MEDICALDOC","TOT","1000HAB","A","1981",1.83,
"DNK","MEDICALDOC","TOT","1000HAB","A","1982",2.05,
"DNK","MEDICALDOC","TOT","1000HAB","A","1983",2.12,
"DNK","MEDICALDOC","TOT","1000HAB","A","1984",2.26,
"DNK","MEDICALDOC","TOT","1000HAB","A","1985",2.3,
"DNK","MEDICALDOC","TOT","1000HAB","A","1986",2.34,
"DNK","MEDICALDOC","TOT","1000HAB","A","1987",2.35,
"DNK","MEDICALDOC","TOT","1000HAB","A","1988",2.42,
"DNK","MEDICALDOC","TOT","1000HAB","A","1989",2.46,
"DNK","MEDICALDOC","TOT","1000HAB","A","1990",2.5,
"DNK","MEDICALDOC","TOT","1000HAB","A","1991",2.43,
"DNK","MEDICALDOC","TOT","1000HAB","A","1992",2.6,"B"
"DNK","MEDICALDOC","TOT","1000HAB","A","1993",2.62,
"DNK","MEDICALDOC","TOT","1000HAB","A","1994",2.64,
"DNK","MEDICALDOC","TOT","1000HAB","A","1995",2.68,
"DNK","MEDICALDOC","TOT","1000HAB","A","1996",2.7,
"DNK","MEDICALDOC","TOT","1000HAB","A","1997",2.78,
"DNK","MEDICALDOC","TOT","1000HAB","A","1998",2.86,
"DNK","MEDICALDOC","TOT","1000HAB","A","1999",2.88,
"DNK","MEDICALDOC","TOT","1000HAB","A","2000",2.91,
"DNK","MEDICALDOC","TOT","1000HAB","A","2001",2.93,
"DNK","MEDICALDOC","TOT","1000HAB","A","2002",3.04,
"DNK","MEDICALDOC","TOT","1000HAB","A","2003",3.08,
"DNK","MEDICALDOC","TOT","1000HAB","A","2004",3.23,
"DNK","MEDICALDOC","TOT","1000HAB","A","2005",3.33,
"DNK","MEDICALDOC","TOT","1000HAB","A","2006",3.42,
"DNK","MEDICALDOC","TOT","1000HAB","A","2007",3.46,
"DNK","MEDICALDOC","TOT","1000HAB","A","2008",3.58,
"DNK","MEDICALDOC","TOT","1000HAB","A","2009",3.65,
"DNK","MEDICALDOC","TOT","1000HAB","A","2010",3.73,
"DNK","MEDICALDOC","TOT","1000HAB","A","2011",3.79,
"DNK","MEDICALDOC","TOT","1000HAB","A","2012",3.84,
"DNK","MEDICALDOC","TOT","1000HAB","A","2013",3.85,
"DNK","MEDICALDOC","TOT","1000HAB","A","2014",3.88,
"DNK","MEDICALDOC","TOT","1000HAB","A","2015",3.93,
"DNK","MEDICALDOC","TOT","1000HAB","A","2016",4,
"DNK","MEDICALDOC","TOT","1000HAB","A","2017",4.11,
"DNK","MEDICALDOC","TOT","1000HAB","A","2018",4.19,
"FIN","MEDICALDOC","TOT","1000HAB","A","1995",2.19,
"FIN","MEDICALDOC","TOT","1000HAB","A","1996",2.26,
"FIN","MEDICALDOC","TOT","1000HAB","A","1997",2.3,
"FIN","MEDICALDOC","TOT","1000HAB","A","1998",2.32,
"FIN","MEDICALDOC","TOT","1000HAB","A","1999",2.4,
"FIN","MEDICALDOC","TOT","1000HAB","A","2000",2.5,
"FIN","MEDICALDOC","TOT","1000HAB","A","2001",2.5,
"FIN","MEDICALDOC","TOT","1000HAB","A","2002",2.53,
"FIN","MEDICALDOC","TOT","1000HAB","A","2003",2.56,
"FIN","MEDICALDOC","TOT","1000HAB","A","2004",2.59,
"FIN","MEDICALDOC","TOT","1000HAB","A","2005",2.63,
"FIN","MEDICALDOC","TOT","1000HAB","A","2006",2.68,
"FIN","MEDICALDOC","TOT","1000HAB","A","2007",2.69,
"FIN","MEDICALDOC","TOT","1000HAB","A","2008",2.72,
"FIN","MEDICALDOC","TOT","1000HAB","A","2009",2.83,"E"
"FIN","MEDICALDOC","TOT","1000HAB","A","2010",2.99,"E"
"FIN","MEDICALDOC","TOT","1000HAB","A","2011",2.99,"E"
"FIN","MEDICALDOC","TOT","1000HAB","A","2012",3.07,"E"
"FIN","MEDICALDOC","TOT","1000HAB","A","2013",3.15,"E"
"FIN","MEDICALDOC","TOT","1000HAB","A","2014",3.21,"E"
"FRA","MEDICALDOC","TOT","1000HAB","A","1990",3.02,
"FRA","MEDICALDOC","TOT","1000HAB","A","1991",3.07,
"FRA","MEDICALDOC","TOT","1000HAB","A","1992",3.12,
"FRA","MEDICALDOC","TOT","1000HAB","A","1993",3.14,
"FRA","MEDICALDOC","TOT","1000HAB","A","1994",3.18,
"FRA","MEDICALDOC","TOT","1000HAB","A","1995",3.2,
"FRA","MEDICALDOC","TOT","1000HAB","A","1996",3.21,
"FRA","MEDICALDOC","TOT","1000HAB","A","1997",3.23,
"FRA","MEDICALDOC","TOT","1000HAB","A","1998",3.24,
"FRA","MEDICALDOC","TOT","1000HAB","A","1999",3.24,
"FRA","MEDICALDOC","TOT","1000HAB","A","2000",3.26,
"FRA","MEDICALDOC","TOT","1000HAB","A","2001",3.29,
"FRA","MEDICALDOC","TOT","1000HAB","A","2002",3.31,
"FRA","MEDICALDOC","TOT","1000HAB","A","2003",3.32,
"FRA","MEDICALDOC","TOT","1000HAB","A","2004",3.34,
"FRA","MEDICALDOC","TOT","1000HAB","A","2005",3.34,
"FRA","MEDICALDOC","TOT","1000HAB","A","2006",3.33,
"FRA","MEDICALDOC","TOT","1000HAB","A","2007",3.31,
"FRA","MEDICALDOC","TOT","1000HAB","A","2008",3.31,
"FRA","MEDICALDOC","TOT","1000HAB","A","2009",3.27,"B"
"FRA","MEDICALDOC","TOT","1000HAB","A","2010",3.27,
"FRA","MEDICALDOC","TOT","1000HAB","A","2011",3.31,"B"
"FRA","MEDICALDOC","TOT","1000HAB","A","2012",3.32,
"FRA","MEDICALDOC","TOT","1000HAB","A","2013",3.33,
"FRA","MEDICALDOC","TOT","1000HAB","A","2014",3.33,
"FRA","MEDICALDOC","TOT","1000HAB","A","2015",3.34,
"FRA","MEDICALDOC","TOT","1000HAB","A","2016",3.35,
"FRA","MEDICALDOC","TOT","1000HAB","A","2017",3.37,
"FRA","MEDICALDOC","TOT","1000HAB","A","2018",3.37,
"DEU","MEDICALDOC","TOT","1000HAB","A","1991",2.76,
"DEU","MEDICALDOC","TOT","1000HAB","A","1992",2.83,
"DEU","MEDICALDOC","TOT","1000HAB","A","1993",2.92,
"DEU","MEDICALDOC","TOT","1000HAB","A","1994",2.99,
"DEU","MEDICALDOC","TOT","1000HAB","A","1995",3.05,
"DEU","MEDICALDOC","TOT","1000HAB","A","1996",3.1,
"DEU","MEDICALDOC","TOT","1000HAB","A","1997",3.12,
"DEU","MEDICALDOC","TOT","1000HAB","A","1998",3.16,
"DEU","MEDICALDOC","TOT","1000HAB","A","1999",3.2,
"DEU","MEDICALDOC","TOT","1000HAB","A","2000",3.25,
"DEU","MEDICALDOC","TOT","1000HAB","A","2001",3.29,
"DEU","MEDICALDOC","TOT","1000HAB","A","2002",3.32,
"DEU","MEDICALDOC","TOT","1000HAB","A","2003",3.35,
"DEU","MEDICALDOC","TOT","1000HAB","A","2004",3.37,
"DEU","MEDICALDOC","TOT","1000HAB","A","2005",3.4,
"DEU","MEDICALDOC","TOT","1000HAB","A","2006",3.44,
"DEU","MEDICALDOC","TOT","1000HAB","A","2007",3.49,
"DEU","MEDICALDOC","TOT","1000HAB","A","2008",3.54,
"DEU","MEDICALDOC","TOT","1000HAB","A","2009",3.62,
"DEU","MEDICALDOC","TOT","1000HAB","A","2010",3.71,
"DEU","MEDICALDOC","TOT","1000HAB","A","2011",3.88,
"DEU","MEDICALDOC","TOT","1000HAB","A","2012",3.95,
"DEU","MEDICALDOC","TOT","1000HAB","A","2013",4.04,
"DEU","MEDICALDOC","TOT","1000HAB","A","2014",4.11,
"DEU","MEDICALDOC","TOT","1000HAB","A","2015",4.14,
"DEU","MEDICALDOC","TOT","1000HAB","A","2016",4.19,
"DEU","MEDICALDOC","TOT","1000HAB","A","2017",4.25,
"DEU","MEDICALDOC","TOT","1000HAB","A","2018",4.31,
"HUN","MEDICALDOC","TOT","1000HAB","A","1960",1.54,
"HUN","MEDICALDOC","TOT","1000HAB","A","1961",1.6,
"HUN","MEDICALDOC","TOT","1000HAB","A","1962",1.66,
"HUN","MEDICALDOC","TOT","1000HAB","A","1963",1.73,
"HUN","MEDICALDOC","TOT","1000HAB","A","1964",1.79,
"HUN","MEDICALDOC","TOT","1000HAB","A","1965",1.86,
"HUN","MEDICALDOC","TOT","1000HAB","A","1966",1.92,
"HUN","MEDICALDOC","TOT","1000HAB","A","1967",2,
"HUN","MEDICALDOC","TOT","1000HAB","A","1968",1.92,
"HUN","MEDICALDOC","TOT","1000HAB","A","1969",1.97,
"HUN","MEDICALDOC","TOT","1000HAB","A","1970",2.02,
"HUN","MEDICALDOC","TOT","1000HAB","A","1971",2.07,
"HUN","MEDICALDOC","TOT","1000HAB","A","1972",2.11,
"HUN","MEDICALDOC","TOT","1000HAB","A","1973",2.16,
"HUN","MEDICALDOC","TOT","1000HAB","A","1974",2.2,
"HUN","MEDICALDOC","TOT","1000HAB","A","1975",2.24,
"HUN","MEDICALDOC","TOT","1000HAB","A","1976",2.28,
"HUN","MEDICALDOC","TOT","1000HAB","A","1977",2.33,
"HUN","MEDICALDOC","TOT","1000HAB","A","1978",2.38,
"HUN","MEDICALDOC","TOT","1000HAB","A","1979",2.46,
"HUN","MEDICALDOC","TOT","1000HAB","A","1980",2.29,"B"
"HUN","MEDICALDOC","TOT","1000HAB","A","1981",2.33,
"HUN","MEDICALDOC","TOT","1000HAB","A","1982",2.39,
"HUN","MEDICALDOC","TOT","1000HAB","A","1983",2.41,
"HUN","MEDICALDOC","TOT","1000HAB","A","1984",2.46,
"HUN","MEDICALDOC","TOT","1000HAB","A","1985",2.63,
"HUN","MEDICALDOC","TOT","1000HAB","A","1986",2.66,
"HUN","MEDICALDOC","TOT","1000HAB","A","1987",2.78,
"HUN","MEDICALDOC","TOT","1000HAB","A","1988",2.8,
"HUN","MEDICALDOC","TOT","1000HAB","A","1989",2.91,
"HUN","MEDICALDOC","TOT","1000HAB","A","1990",2.94,
"HUN","MEDICALDOC","TOT","1000HAB","A","1991",3.03,
"HUN","MEDICALDOC","TOT","1000HAB","A","1992",3.01,
"HUN","MEDICALDOC","TOT","1000HAB","A","1993",2.96,
"HUN","MEDICALDOC","TOT","1000HAB","A","1994",3,
"HUN","MEDICALDOC","TOT","1000HAB","A","1995",3,
"HUN","MEDICALDOC","TOT","1000HAB","A","1996",3.04,
"HUN","MEDICALDOC","TOT","1000HAB","A","1997",3.08,
"HUN","MEDICALDOC","TOT","1000HAB","A","1998",3.08,
"HUN","MEDICALDOC","TOT","1000HAB","A","1999",3.1,
"HUN","MEDICALDOC","TOT","1000HAB","A","2000",2.68,
"HUN","MEDICALDOC","TOT","1000HAB","A","2001",2.89,
"HUN","MEDICALDOC","TOT","1000HAB","A","2002",3.19,"B"
"HUN","MEDICALDOC","TOT","1000HAB","A","2003",3.25,
"HUN","MEDICALDOC","TOT","1000HAB","A","2004",3.34,
"HUN","MEDICALDOC","TOT","1000HAB","A","2005",2.78,"B"
"HUN","MEDICALDOC","TOT","1000HAB","A","2006",3.04,
"HUN","MEDICALDOC","TOT","1000HAB","A","2007",2.8,"B"
"HUN","MEDICALDOC","TOT","1000HAB","A","2008",3.09,"B"
"HUN","MEDICALDOC","TOT","1000HAB","A","2009",3.02,
"HUN","MEDICALDOC","TOT","1000HAB","A","2010",2.87,"B"
"HUN","MEDICALDOC","TOT","1000HAB","A","2011",2.96,
"HUN","MEDICALDOC","TOT","1000HAB","A","2012",3.09,
"HUN","MEDICALDOC","TOT","1000HAB","A","2013",3.21,
"HUN","MEDICALDOC","TOT","1000HAB","A","2014",3.32,
"HUN","MEDICALDOC","TOT","1000HAB","A","2015",3.1,"B"
"HUN","MEDICALDOC","TOT","1000HAB","A","2016",3.21,
"HUN","MEDICALDOC","TOT","1000HAB","A","2017",3.32,
"HUN","MEDICALDOC","TOT","1000HAB","A","2018",3.38,
"ISL","MEDICALDOC","TOT","1000HAB","A","1960",1.17,
"ISL","MEDICALDOC","TOT","1000HAB","A","1961",1.18,
"ISL","MEDICALDOC","TOT","1000HAB","A","1962",1.23,
"ISL","MEDICALDOC","TOT","1000HAB","A","1963",1.23,
"ISL","MEDICALDOC","TOT","1000HAB","A","1964",1.23,
"ISL","MEDICALDOC","TOT","1000HAB","A","1965",1.24,
"ISL","MEDICALDOC","TOT","1000HAB","A","1966",1.22,
"ISL","MEDICALDOC","TOT","1000HAB","A","1967",1.21,
"ISL","MEDICALDOC","TOT","1000HAB","A","1968",1.26,
"ISL","MEDICALDOC","TOT","1000HAB","A","1969",1.29,
"ISL","MEDICALDOC","TOT","1000HAB","A","1970",1.42,
"ISL","MEDICALDOC","TOT","1000HAB","A","1971",1.48,
"ISL","MEDICALDOC","TOT","1000HAB","A","1972",1.59,
"ISL","MEDICALDOC","TOT","1000HAB","A","1973",1.62,
"ISL","MEDICALDOC","TOT","1000HAB","A","1974",1.73,
"ISL","MEDICALDOC","TOT","1000HAB","A","1975",1.84,
"ISL","MEDICALDOC","TOT","1000HAB","A","1976",1.85,
"ISL","MEDICALDOC","TOT","1000HAB","A","1977",1.91,
"ISL","MEDICALDOC","TOT","1000HAB","A","1978",1.96,
"ISL","MEDICALDOC","TOT","1000HAB","A","1979",2.03,
"ISL","MEDICALDOC","TOT","1000HAB","A","1980",2.14,
"ISL","MEDICALDOC","TOT","1000HAB","A","1981",2.21,
"ISL","MEDICALDOC","TOT","1000HAB","A","1982",2.27,
"ISL","MEDICALDOC","TOT","1000HAB","A","1983",2.3,
"ISL","MEDICALDOC","TOT","1000HAB","A","1984",2.4,
"ISL","MEDICALDOC","TOT","1000HAB","A","1985",2.59,
"ISL","MEDICALDOC","TOT","1000HAB","A","1986",2.6,
"ISL","MEDICALDOC","TOT","1000HAB","A","1987",2.7,
"ISL","MEDICALDOC","TOT","1000HAB","A","1988",2.7,
"ISL","MEDICALDOC","TOT","1000HAB","A","1989",2.83,
"ISL","MEDICALDOC","TOT","1000HAB","A","1990",2.85,
"ISL","MEDICALDOC","TOT","1000HAB","A","1991",2.85,
"ISL","MEDICALDOC","TOT","1000HAB","A","1992",2.95,
"ISL","MEDICALDOC","TOT","1000HAB","A","1993",2.95,
"ISL","MEDICALDOC","TOT","1000HAB","A","1994",3,
"ISL","MEDICALDOC","TOT","1000HAB","A","1995",3.02,
"ISL","MEDICALDOC","TOT","1000HAB","A","1996",3.12,
"ISL","MEDICALDOC","TOT","1000HAB","A","1997",3.26,
"ISL","MEDICALDOC","TOT","1000HAB","A","1998",3.32,
"ISL","MEDICALDOC","TOT","1000HAB","A","1999",3.38,
"ISL","MEDICALDOC","TOT","1000HAB","A","2000",3.44,
"ISL","MEDICALDOC","TOT","1000HAB","A","2001",3.47,
"ISL","MEDICALDOC","TOT","1000HAB","A","2002",3.58,
"ISL","MEDICALDOC","TOT","1000HAB","A","2003",3.62,
"ISL","MEDICALDOC","TOT","1000HAB","A","2004",3.62,
"ISL","MEDICALDOC","TOT","1000HAB","A","2005",3.61,"B"
"ISL","MEDICALDOC","TOT","1000HAB","A","2006",3.6,
"ISL","MEDICALDOC","TOT","1000HAB","A","2007",3.61,
"ISL","MEDICALDOC","TOT","1000HAB","A","2008",3.64,
"ISL","MEDICALDOC","TOT","1000HAB","A","2009",3.65,
"ISL","MEDICALDOC","TOT","1000HAB","A","2010",3.59,
"ISL","MEDICALDOC","TOT","1000HAB","A","2011",3.5,
"ISL","MEDICALDOC","TOT","1000HAB","A","2012",3.56,
"ISL","MEDICALDOC","TOT","1000HAB","A","2013",3.61,
"ISL","MEDICALDOC","TOT","1000HAB","A","2014",3.64,
"ISL","MEDICALDOC","TOT","1000HAB","A","2015",3.78,
"ISL","MEDICALDOC","TOT","1000HAB","A","2016",3.85,"B"
"ISL","MEDICALDOC","TOT","1000HAB","A","2017",3.87,
"ISL","MEDICALDOC","TOT","1000HAB","A","2018",3.89,
"ISL","MEDICALDOC","TOT","1000HAB","A","2019",3.93,
"IRL","MEDICALDOC","TOT","1000HAB","A","2011",2.67,"E"
"IRL","MEDICALDOC","TOT","1000HAB","A","2012",2.71,"E"
"IRL","MEDICALDOC","TOT","1000HAB","A","2013",2.67,"E"
"IRL","MEDICALDOC","TOT","1000HAB","A","2014",3.01,"B"
"IRL","MEDICALDOC","TOT","1000HAB","A","2015",3.12,
"IRL","MEDICALDOC","TOT","1000HAB","A","2016",3.19,
"IRL","MEDICALDOC","TOT","1000HAB","A","2017",3.26,
"IRL","MEDICALDOC","TOT","1000HAB","A","2018",3.28,
"IRL","MEDICALDOC","TOT","1000HAB","A","2019",3.34,
"ITA","MEDICALDOC","TOT","1000HAB","A","2000",3.44,"E"
"ITA","MEDICALDOC","TOT","1000HAB","A","2001",3.51,"E"
"ITA","MEDICALDOC","TOT","1000HAB","A","2002",3.57,"E"
"ITA","MEDICALDOC","TOT","1000HAB","A","2003",3.63,"E"
"ITA","MEDICALDOC","TOT","1000HAB","A","2004",3.7,"E"
"ITA","MEDICALDOC","TOT","1000HAB","A","2005",3.72,"E"
"ITA","MEDICALDOC","TOT","1000HAB","A","2006",3.72,"E"
"ITA","MEDICALDOC","TOT","1000HAB","A","2007",3.8,"E"
"ITA","MEDICALDOC","TOT","1000HAB","A","2008",3.79,"E"
"ITA","MEDICALDOC","TOT","1000HAB","A","2009",3.79,"E"
"ITA","MEDICALDOC","TOT","1000HAB","A","2010",3.82,"E"
"ITA","MEDICALDOC","TOT","1000HAB","A","2011",3.9,"E"
"ITA","MEDICALDOC","TOT","1000HAB","A","2012",3.87,
"ITA","MEDICALDOC","TOT","1000HAB","A","2013",3.9,
"ITA","MEDICALDOC","TOT","1000HAB","A","2014",3.88,
"ITA","MEDICALDOC","TOT","1000HAB","A","2015",3.84,
"ITA","MEDICALDOC","TOT","1000HAB","A","2016",3.95,
"ITA","MEDICALDOC","TOT","1000HAB","A","2017",3.99,
"ITA","MEDICALDOC","TOT","1000HAB","A","2018",3.98,
"ITA","MEDICALDOC","TOT","1000HAB","A","2019",4.02,"P"
"JPN","MEDICALDOC","TOT","1000HAB","A","1960",1.02,
"JPN","MEDICALDOC","TOT","1000HAB","A","1961",1.02,
"JPN","MEDICALDOC","TOT","1000HAB","A","1962",1.03,
"JPN","MEDICALDOC","TOT","1000HAB","A","1963",1.02,
"JPN","MEDICALDOC","TOT","1000HAB","A","1964",1.03,
"JPN","MEDICALDOC","TOT","1000HAB","A","1965",1.03,
"JPN","MEDICALDOC","TOT","1000HAB","A","1966",1.04,
"JPN","MEDICALDOC","TOT","1000HAB","A","1967",1.04,
"JPN","MEDICALDOC","TOT","1000HAB","A","1968",1.05,
"JPN","MEDICALDOC","TOT","1000HAB","A","1969",1.06,
"JPN","MEDICALDOC","TOT","1000HAB","A","1970",1.08,
"JPN","MEDICALDOC","TOT","1000HAB","A","1971",1.1,
"JPN","MEDICALDOC","TOT","1000HAB","A","1972",1.11,
"JPN","MEDICALDOC","TOT","1000HAB","A","1973",1.1,
"JPN","MEDICALDOC","TOT","1000HAB","A","1974",1.1,
"JPN","MEDICALDOC","TOT","1000HAB","A","1975",1.13,
"JPN","MEDICALDOC","TOT","1000HAB","A","1976",1.14,
"JPN","MEDICALDOC","TOT","1000HAB","A","1977",1.15,
"JPN","MEDICALDOC","TOT","1000HAB","A","1978",1.18,
"JPN","MEDICALDOC","TOT","1000HAB","A","1979",1.23,
"JPN","MEDICALDOC","TOT","1000HAB","A","1980",1.27,
"JPN","MEDICALDOC","TOT","1000HAB","A","1981",1.32,
"JPN","MEDICALDOC","TOT","1000HAB","A","1982",1.35,
"JPN","MEDICALDOC","TOT","1000HAB","A","1984",1.44,
"JPN","MEDICALDOC","TOT","1000HAB","A","1986",1.51,
"JPN","MEDICALDOC","TOT","1000HAB","A","1988",1.58,
"JPN","MEDICALDOC","TOT","1000HAB","A","1990",1.65,
"JPN","MEDICALDOC","TOT","1000HAB","A","1992",1.7,
"JPN","MEDICALDOC","TOT","1000HAB","A","1994",1.77,
"JPN","MEDICALDOC","TOT","1000HAB","A","1996",1.84,
"JPN","MEDICALDOC","TOT","1000HAB","A","1998",1.89,
"JPN","MEDICALDOC","TOT","1000HAB","A","2000",1.93,
"JPN","MEDICALDOC","TOT","1000HAB","A","2002",1.98,
"JPN","MEDICALDOC","TOT","1000HAB","A","2004",2.03,
"JPN","MEDICALDOC","TOT","1000HAB","A","2006",2.08,
"JPN","MEDICALDOC","TOT","1000HAB","A","2008",2.15,
"JPN","MEDICALDOC","TOT","1000HAB","A","2010",2.21,
"JPN","MEDICALDOC","TOT","1000HAB","A","2012",2.29,
"JPN","MEDICALDOC","TOT","1000HAB","A","2014",2.36,
"JPN","MEDICALDOC","TOT","1000HAB","A","2016",2.43,
"JPN","MEDICALDOC","TOT","1000HAB","A","2018",2.49,
"KOR","MEDICALDOC","TOT","1000HAB","A","1981",0.5,
"KOR","MEDICALDOC","TOT","1000HAB","A","1982",0.55,
"KOR","MEDICALDOC","TOT","1000HAB","A","1983",0.54,
"KOR","MEDICALDOC","TOT","1000HAB","A","1984",0.57,
"KOR","MEDICALDOC","TOT","1000HAB","A","1985",0.61,
"KOR","MEDICALDOC","TOT","1000HAB","A","1986",0.65,
"KOR","MEDICALDOC","TOT","1000HAB","A","1987",0.68,
"KOR","MEDICALDOC","TOT","1000HAB","A","1988",0.74,
"KOR","MEDICALDOC","TOT","1000HAB","A","1989",0.8,
"KOR","MEDICALDOC","TOT","1000HAB","A","1990",0.83,
"KOR","MEDICALDOC","TOT","1000HAB","A","1991",0.9,
"KOR","MEDICALDOC","TOT","1000HAB","A","1992",0.97,
"KOR","MEDICALDOC","TOT","1000HAB","A","1993",1.03,
"KOR","MEDICALDOC","TOT","1000HAB","A","1994",1.07,
"KOR","MEDICALDOC","TOT","1000HAB","A","1995",1.12,
"KOR","MEDICALDOC","TOT","1000HAB","A","1996",1.17,
"KOR","MEDICALDOC","TOT","1000HAB","A","1997",1.23,
"KOR","MEDICALDOC","TOT","1000HAB","A","1998",1.27,
"KOR","MEDICALDOC","TOT","1000HAB","A","1999",1.31,
"KOR","MEDICALDOC","TOT","1000HAB","A","2000",1.3,
"KOR","MEDICALDOC","TOT","1000HAB","A","2001",1.39,
"KOR","MEDICALDOC","TOT","1000HAB","A","2002",1.49,
"KOR","MEDICALDOC","TOT","1000HAB","A","2003",1.57,
"KOR","MEDICALDOC","TOT","1000HAB","A","2004",1.56,
"KOR","MEDICALDOC","TOT","1000HAB","A","2005",1.63,
"KOR","MEDICALDOC","TOT","1000HAB","A","2006",1.69,
"KOR","MEDICALDOC","TOT","1000HAB","A","2007",1.73,
"KOR","MEDICALDOC","TOT","1000HAB","A","2008",1.85,
"KOR","MEDICALDOC","TOT","1000HAB","A","2009",1.92,
"KOR","MEDICALDOC","TOT","1000HAB","A","2010",1.98,
"KOR","MEDICALDOC","TOT","1000HAB","A","2011",2.03,
"KOR","MEDICALDOC","TOT","1000HAB","A","2012",2.07,
"KOR","MEDICALDOC","TOT","1000HAB","A","2013",2.16,
"KOR","MEDICALDOC","TOT","1000HAB","A","2014",2.2,
"KOR","MEDICALDOC","TOT","1000HAB","A","2015",2.24,
"KOR","MEDICALDOC","TOT","1000HAB","A","2016",2.29,
"KOR","MEDICALDOC","TOT","1000HAB","A","2017",2.34,
"KOR","MEDICALDOC","TOT","1000HAB","A","2018",2.39,
"LUX","MEDICALDOC","TOT","1000HAB","A","1960",1.01,
"LUX","MEDICALDOC","TOT","1000HAB","A","1961",1.02,
"LUX","MEDICALDOC","TOT","1000HAB","A","1962",1.02,
"LUX","MEDICALDOC","TOT","1000HAB","A","1963",1.02,
"LUX","MEDICALDOC","TOT","1000HAB","A","1964",1.01,
"LUX","MEDICALDOC","TOT","1000HAB","A","1965",1.02,
"LUX","MEDICALDOC","TOT","1000HAB","A","1966",1.04,
"LUX","MEDICALDOC","TOT","1000HAB","A","1967",1.04,
"LUX","MEDICALDOC","TOT","1000HAB","A","1968",1.07,
"LUX","MEDICALDOC","TOT","1000HAB","A","1969",1.08,
"LUX","MEDICALDOC","TOT","1000HAB","A","1970",1.13,
"LUX","MEDICALDOC","TOT","1000HAB","A","1971",1.16,
"LUX","MEDICALDOC","TOT","1000HAB","A","1972",1.16,
"LUX","MEDICALDOC","TOT","1000HAB","A","1973",1.17,
"LUX","MEDICALDOC","TOT","1000HAB","A","1974",1.2,
"LUX","MEDICALDOC","TOT","1000HAB","A","1975",1.26,
"LUX","MEDICALDOC","TOT","1000HAB","A","1976",1.26,
"LUX","MEDICALDOC","TOT","1000HAB","A","1977",1.26,
"LUX","MEDICALDOC","TOT","1000HAB","A","1978",1.46,
"LUX","MEDICALDOC","TOT","1000HAB","A","1979",1.58,
"LUX","MEDICALDOC","TOT","1000HAB","A","1980",1.71,
"LUX","MEDICALDOC","TOT","1000HAB","A","1981",1.54,
"LUX","MEDICALDOC","TOT","1000HAB","A","1982",1.66,
"LUX","MEDICALDOC","TOT","1000HAB","A","1983",1.71,
"LUX","MEDICALDOC","TOT","1000HAB","A","1984",1.74,
"LUX","MEDICALDOC","TOT","1000HAB","A","1985",1.81,
"LUX","MEDICALDOC","TOT","1000HAB","A","1986",1.86,
"LUX","MEDICALDOC","TOT","1000HAB","A","1987",1.8,
"LUX","MEDICALDOC","TOT","1000HAB","A","1988",1.9,
"LUX","MEDICALDOC","TOT","1000HAB","A","1989",1.97,
"LUX","MEDICALDOC","TOT","1000HAB","A","1990",2.01,
"LUX","MEDICALDOC","TOT","1000HAB","A","1991",2.02,
"LUX","MEDICALDOC","TOT","1000HAB","A","1992",2.08,
"LUX","MEDICALDOC","TOT","1000HAB","A","1993",2.13,
"LUX","MEDICALDOC","TOT","1000HAB","A","1994",2.16,
"LUX","MEDICALDOC","TOT","1000HAB","A","1995",2.24,
"LUX","MEDICALDOC","TOT","1000HAB","A","1996",2.31,
"LUX","MEDICALDOC","TOT","1000HAB","A","1997",2.4,
"LUX","MEDICALDOC","TOT","1000HAB","A","1998",2.44,
"LUX","MEDICALDOC","TOT","1000HAB","A","1999",2.49,
"LUX","MEDICALDOC","TOT","1000HAB","A","2000",2.15,"B"
"LUX","MEDICALDOC","TOT","1000HAB","A","2001",2.21,
"LUX","MEDICALDOC","TOT","1000HAB","A","2002",2.26,
"LUX","MEDICALDOC","TOT","1000HAB","A","2003",2.38,
"LUX","MEDICALDOC","TOT","1000HAB","A","2004",2.42,
"LUX","MEDICALDOC","TOT","1000HAB","A","2005",2.55,
"LUX","MEDICALDOC","TOT","1000HAB","A","2006",2.61,
"LUX","MEDICALDOC","TOT","1000HAB","A","2007",2.68,
"LUX","MEDICALDOC","TOT","1000HAB","A","2008",2.72,
"LUX","MEDICALDOC","TOT","1000HAB","A","2009",2.7,
"LUX","MEDICALDOC","TOT","1000HAB","A","2010",2.77,
"LUX","MEDICALDOC","TOT","1000HAB","A","2011",2.78,
"LUX","MEDICALDOC","TOT","1000HAB","A","2012",2.81,
"LUX","MEDICALDOC","TOT","1000HAB","A","2013",2.83,
"LUX","MEDICALDOC","TOT","1000HAB","A","2014",2.88,
"LUX","MEDICALDOC","TOT","1000HAB","A","2015",2.91,"B"
"LUX","MEDICALDOC","TOT","1000HAB","A","2016",2.88,
"LUX","MEDICALDOC","TOT","1000HAB","A","2017",2.98,
"MEX","MEDICALDOC","TOT","1000HAB","A","1990",0.97,
"MEX","MEDICALDOC","TOT","1000HAB","A","1991",1.16,
"MEX","MEDICALDOC","TOT","1000HAB","A","1992",1.31,
"MEX","MEDICALDOC","TOT","1000HAB","A","1993",1.46,
"MEX","MEDICALDOC","TOT","1000HAB","A","1994",1.56,
"MEX","MEDICALDOC","TOT","1000HAB","A","1995",1.65,
"MEX","MEDICALDOC","TOT","1000HAB","A","1996",1.65,
"MEX","MEDICALDOC","TOT","1000HAB","A","1997",1.69,
"MEX","MEDICALDOC","TOT","1000HAB","A","1998",1.71,
"MEX","MEDICALDOC","TOT","1000HAB","A","1999",1.71,
"MEX","MEDICALDOC","TOT","1000HAB","A","2000",1.63,
"MEX","MEDICALDOC","TOT","1000HAB","A","2001",1.52,
"MEX","MEDICALDOC","TOT","1000HAB","A","2002",1.53,
"MEX","MEDICALDOC","TOT","1000HAB","A","2003",1.58,
"MEX","MEDICALDOC","TOT","1000HAB","A","2004",1.66,
"MEX","MEDICALDOC","TOT","1000HAB","A","2005",1.77,
"MEX","MEDICALDOC","TOT","1000HAB","A","2006",1.89,
"MEX","MEDICALDOC","TOT","1000HAB","A","2007",1.93,
"MEX","MEDICALDOC","TOT","1000HAB","A","2008",1.96,
"MEX","MEDICALDOC","TOT","1000HAB","A","2009",1.99,
"MEX","MEDICALDOC","TOT","1000HAB","A","2010",2,
"MEX","MEDICALDOC","TOT","1000HAB","A","2011",2.11,
"MEX","MEDICALDOC","TOT","1000HAB","A","2012",2.12,
"MEX","MEDICALDOC","TOT","1000HAB","A","2013",2.16,
"MEX","MEDICALDOC","TOT","1000HAB","A","2014",2.23,
"MEX","MEDICALDOC","TOT","1000HAB","A","2015",2.33,
"MEX","MEDICALDOC","TOT","1000HAB","A","2016",2.34,
"MEX","MEDICALDOC","TOT","1000HAB","A","2017",2.4,
"MEX","MEDICALDOC","TOT","1000HAB","A","2018",2.44,
"NLD","MEDICALDOC","TOT","1000HAB","A","1999",2.38,
"NLD","MEDICALDOC","TOT","1000HAB","A","2000",2.44,
"NLD","MEDICALDOC","TOT","1000HAB","A","2001",2.51,
"NLD","MEDICALDOC","TOT","1000HAB","A","2002",2.58,
"NLD","MEDICALDOC","TOT","1000HAB","A","2003",2.62,
"NLD","MEDICALDOC","TOT","1000HAB","A","2004",2.65,
"NLD","MEDICALDOC","TOT","1000HAB","A","2005",2.71,
"NLD","MEDICALDOC","TOT","1000HAB","A","2006",2.8,
"NLD","MEDICALDOC","TOT","1000HAB","A","2007",2.79,
"NLD","MEDICALDOC","TOT","1000HAB","A","2008",2.87,
"NLD","MEDICALDOC","TOT","1000HAB","A","2009",2.92,
"NLD","MEDICALDOC","TOT","1000HAB","A","2010",2.96,
"NLD","MEDICALDOC","TOT","1000HAB","A","2011",3.13,
"NLD","MEDICALDOC","TOT","1000HAB","A","2012",3.25,
"NLD","MEDICALDOC","TOT","1000HAB","A","2013",3.31,
"NZL","MEDICALDOC","TOT","1000HAB","A","2000",2.23,
"NZL","MEDICALDOC","TOT","1000HAB","A","2001",2.19,
"NZL","MEDICALDOC","TOT","1000HAB","A","2002",2.13,
"NZL","MEDICALDOC","TOT","1000HAB","A","2003",2.17,
"NZL","MEDICALDOC","TOT","1000HAB","A","2004",2.19,
"NZL","MEDICALDOC","TOT","1000HAB","A","2005",2.11,
"NZL","MEDICALDOC","TOT","1000HAB","A","2006",2.27,
"NZL","MEDICALDOC","TOT","1000HAB","A","2007",2.3,
"NZL","MEDICALDOC","TOT","1000HAB","A","2008",2.46,
"NZL","MEDICALDOC","TOT","1000HAB","A","2009",2.58,
"NZL","MEDICALDOC","TOT","1000HAB","A","2010",2.62,
"NZL","MEDICALDOC","TOT","1000HAB","A","2011",2.65,
"NZL","MEDICALDOC","TOT","1000HAB","A","2012",2.72,
"NZL","MEDICALDOC","TOT","1000HAB","A","2013",2.83,
"NZL","MEDICALDOC","TOT","1000HAB","A","2014",2.9,
"NZL","MEDICALDOC","TOT","1000HAB","A","2015",3.05,"E"
"NZL","MEDICALDOC","TOT","1000HAB","A","2016",3.14,"E"
"NZL","MEDICALDOC","TOT","1000HAB","A","2017",3.29,"E"
"NZL","MEDICALDOC","TOT","1000HAB","A","2018",3.35,"E"
"NOR","MEDICALDOC","TOT","1000HAB","A","1970",1.38,
"NOR","MEDICALDOC","TOT","1000HAB","A","1980",1.97,
"NOR","MEDICALDOC","TOT","1000HAB","A","1985",2.21,
"NOR","MEDICALDOC","TOT","1000HAB","A","1986",2.27,
"NOR","MEDICALDOC","TOT","1000HAB","A","1987",2.5,
"NOR","MEDICALDOC","TOT","1000HAB","A","1991",2.6,
"NOR","MEDICALDOC","TOT","1000HAB","A","1992",2.66,
"NOR","MEDICALDOC","TOT","1000HAB","A","1993",2.7,
"NOR","MEDICALDOC","TOT","1000HAB","A","1994",2.78,
"NOR","MEDICALDOC","TOT","1000HAB","A","1995",2.95,
"NOR","MEDICALDOC","TOT","1000HAB","A","1996",3.05,
"NOR","MEDICALDOC","TOT","1000HAB","A","1997",3.08,
"NOR","MEDICALDOC","TOT","1000HAB","A","1998",3.17,
"NOR","MEDICALDOC","TOT","1000HAB","A","1999",3.29,
"NOR","MEDICALDOC","TOT","1000HAB","A","2000",3.38,
"NOR","MEDICALDOC","TOT","1000HAB","A","2001",3.54,
"NOR","MEDICALDOC","TOT","1000HAB","A","2002",3.27,"B"
"NOR","MEDICALDOC","TOT","1000HAB","A","2003",3.28,
"NOR","MEDICALDOC","TOT","1000HAB","A","2004",3.44,
"NOR","MEDICALDOC","TOT","1000HAB","A","2005",3.62,
"NOR","MEDICALDOC","TOT","1000HAB","A","2006",3.79,
"NOR","MEDICALDOC","TOT","1000HAB","A","2007",3.9,
"NOR","MEDICALDOC","TOT","1000HAB","A","2008",4,
"NOR","MEDICALDOC","TOT","1000HAB","A","2009",4.05,"B"
"NOR","MEDICALDOC","TOT","1000HAB","A","2010",4.11,
"NOR","MEDICALDOC","TOT","1000HAB","A","2011",4.19,
"NOR","MEDICALDOC","TOT","1000HAB","A","2012",4.23,
"NOR","MEDICALDOC","TOT","1000HAB","A","2013",4.31,
"NOR","MEDICALDOC","TOT","1000HAB","A","2014",4.43,
"NOR","MEDICALDOC","TOT","1000HAB","A","2015",4.4,"B"
"NOR","MEDICALDOC","TOT","1000HAB","A","2016",4.51,
"NOR","MEDICALDOC","TOT","1000HAB","A","2017",4.66,
"NOR","MEDICALDOC","TOT","1000HAB","A","2018",4.81,
"NOR","MEDICALDOC","TOT","1000HAB","A","2019",4.93,
"POL","MEDICALDOC","TOT","1000HAB","A","1960",0.97,
"POL","MEDICALDOC","TOT","1000HAB","A","1961",1.03,
"POL","MEDICALDOC","TOT","1000HAB","A","1962",1.07,
"POL","MEDICALDOC","TOT","1000HAB","A","1963",1.15,
"POL","MEDICALDOC","TOT","1000HAB","A","1964",1.21,
"POL","MEDICALDOC","TOT","1000HAB","A","1965",1.24,
"POL","MEDICALDOC","TOT","1000HAB","A","1966",1.28,
"POL","MEDICALDOC","TOT","1000HAB","A","1967",1.32,
"POL","MEDICALDOC","TOT","1000HAB","A","1968",1.36,
"POL","MEDICALDOC","TOT","1000HAB","A","1969",1.38,
"POL","MEDICALDOC","TOT","1000HAB","A","1970",1.42,
"POL","MEDICALDOC","TOT","1000HAB","A","1971",1.47,
"POL","MEDICALDOC","TOT","1000HAB","A","1972",1.51,
"POL","MEDICALDOC","TOT","1000HAB","A","1973",1.55,
"POL","MEDICALDOC","TOT","1000HAB","A","1974",1.59,
"POL","MEDICALDOC","TOT","1000HAB","A","1975",1.6,
"POL","MEDICALDOC","TOT","1000HAB","A","1976",1.62,
"POL","MEDICALDOC","TOT","1000HAB","A","1977",1.65,
"POL","MEDICALDOC","TOT","1000HAB","A","1978",1.69,
"POL","MEDICALDOC","TOT","1000HAB","A","1979",1.74,
"POL","MEDICALDOC","TOT","1000HAB","A","1980",1.79,
"POL","MEDICALDOC","TOT","1000HAB","A","1981",1.81,
"POL","MEDICALDOC","TOT","1000HAB","A","1982",1.85,
"POL","MEDICALDOC","TOT","1000HAB","A","1983",1.89,
"POL","MEDICALDOC","TOT","1000HAB","A","1984",1.92,
"POL","MEDICALDOC","TOT","1000HAB","A","1985",1.97,
"POL","MEDICALDOC","TOT","1000HAB","A","1986",2.01,
"POL","MEDICALDOC","TOT","1000HAB","A","1987",2.06,
"POL","MEDICALDOC","TOT","1000HAB","A","1988",2.08,
"POL","MEDICALDOC","TOT","1000HAB","A","1989",2.09,
"POL","MEDICALDOC","TOT","1000HAB","A","1990",2.14,
"POL","MEDICALDOC","TOT","1000HAB","A","1991",2.17,
"POL","MEDICALDOC","TOT","1000HAB","A","1992",2.18,
"POL","MEDICALDOC","TOT","1000HAB","A","1993",2.22,
"POL","MEDICALDOC","TOT","1000HAB","A","1994",2.28,
"POL","MEDICALDOC","TOT","1000HAB","A","1995",2.32,
"POL","MEDICALDOC","TOT","1000HAB","A","1996",2.35,
"POL","MEDICALDOC","TOT","1000HAB","A","1997",2.36,
"POL","MEDICALDOC","TOT","1000HAB","A","1998",2.33,
"POL","MEDICALDOC","TOT","1000HAB","A","1999",2.26,
"POL","MEDICALDOC","TOT","1000HAB","A","2000",2.22,
"POL","MEDICALDOC","TOT","1000HAB","A","2001",2.27,
"POL","MEDICALDOC","TOT","1000HAB","A","2002",2.3,
"POL","MEDICALDOC","TOT","1000HAB","A","2003",2.43,"B"
"POL","MEDICALDOC","TOT","1000HAB","A","2004",2.29,"B"
"POL","MEDICALDOC","TOT","1000HAB","A","2005",2.14,"B"
"POL","MEDICALDOC","TOT","1000HAB","A","2006",2.18,
"POL","MEDICALDOC","TOT","1000HAB","A","2007",2.19,
"POL","MEDICALDOC","TOT","1000HAB","A","2008",2.16,
"POL","MEDICALDOC","TOT","1000HAB","A","2009",2.17,
"POL","MEDICALDOC","TOT","1000HAB","A","2010",2.19,
"POL","MEDICALDOC","TOT","1000HAB","A","2011",2.21,
"POL","MEDICALDOC","TOT","1000HAB","A","2012",2.23,
"POL","MEDICALDOC","TOT","1000HAB","A","2013",2.24,
"POL","MEDICALDOC","TOT","1000HAB","A","2014",2.31,
"POL","MEDICALDOC","TOT","1000HAB","A","2015",2.33,
"POL","MEDICALDOC","TOT","1000HAB","A","2016",2.42,
"POL","MEDICALDOC","TOT","1000HAB","A","2017",2.38,
"SVK","MEDICALDOC","TOT","1000HAB","A","1999",3.32,
"SVK","MEDICALDOC","TOT","1000HAB","A","2000",3.35,
"SVK","MEDICALDOC","TOT","1000HAB","A","2001",3.35,
"SVK","MEDICALDOC","TOT","1000HAB","A","2002",3.33,
"SVK","MEDICALDOC","TOT","1000HAB","A","2003",3.29,
"SVK","MEDICALDOC","TOT","1000HAB","A","2004",3.32,
"SVK","MEDICALDOC","TOT","1000HAB","A","2005",3.04,"B"
"SVK","MEDICALDOC","TOT","1000HAB","A","2006",3.17,
"SVK","MEDICALDOC","TOT","1000HAB","A","2007",3.39,
"SVK","MEDICALDOC","TOT","1000HAB","A","2008",3.37,
"SVK","MEDICALDOC","TOT","1000HAB","A","2009",3.3,
"SVK","MEDICALDOC","TOT","1000HAB","A","2010",3.36,
"SVK","MEDICALDOC","TOT","1000HAB","A","2011",3.31,
"SVK","MEDICALDOC","TOT","1000HAB","A","2012",3.36,
"SVK","MEDICALDOC","TOT","1000HAB","A","2013",3.39,
"SVK","MEDICALDOC","TOT","1000HAB","A","2014",3.43,
"SVK","MEDICALDOC","TOT","1000HAB","A","2015",3.45,
"SVK","MEDICALDOC","TOT","1000HAB","A","2016",3.47,
"SVK","MEDICALDOC","TOT","1000HAB","A","2017",3.42,
"SVK","MEDICALDOC","TOT","1000HAB","A","2018",3.52,
"ESP","MEDICALDOC","TOT","1000HAB","A","1980",1.84,
"ESP","MEDICALDOC","TOT","1000HAB","A","1985",2.05,
"ESP","MEDICALDOC","TOT","1000HAB","A","1990",2.05,
"ESP","MEDICALDOC","TOT","1000HAB","A","1996",2.75,
"ESP","MEDICALDOC","TOT","1000HAB","A","1997",2.87,
"ESP","MEDICALDOC","TOT","1000HAB","A","1998",2.92,
"ESP","MEDICALDOC","TOT","1000HAB","A","1999",3.05,
"ESP","MEDICALDOC","TOT","1000HAB","A","2000",3.14,
"ESP","MEDICALDOC","TOT","1000HAB","A","2001",3.14,
"ESP","MEDICALDOC","TOT","1000HAB","A","2002",3.13,
"ESP","MEDICALDOC","TOT","1000HAB","A","2003",3.22,
"ESP","MEDICALDOC","TOT","1000HAB","A","2004",3.44,
"ESP","MEDICALDOC","TOT","1000HAB","A","2005",3.55,
"ESP","MEDICALDOC","TOT","1000HAB","A","2006",3.62,
"ESP","MEDICALDOC","TOT","1000HAB","A","2007",3.56,
"ESP","MEDICALDOC","TOT","1000HAB","A","2008",3.54,
"ESP","MEDICALDOC","TOT","1000HAB","A","2009",3.6,
"ESP","MEDICALDOC","TOT","1000HAB","A","2010",3.76,
"ESP","MEDICALDOC","TOT","1000HAB","A","2011",3.84,
"ESP","MEDICALDOC","TOT","1000HAB","A","2012",3.82,
"ESP","MEDICALDOC","TOT","1000HAB","A","2013",3.81,
"ESP","MEDICALDOC","TOT","1000HAB","A","2014",3.8,
"ESP","MEDICALDOC","TOT","1000HAB","A","2015",3.85,
"ESP","MEDICALDOC","TOT","1000HAB","A","2016",3.82,
"ESP","MEDICALDOC","TOT","1000HAB","A","2017",3.88,
"ESP","MEDICALDOC","TOT","1000HAB","A","2018",4.02,
"SWE","MEDICALDOC","TOT","1000HAB","A","1995",2.81,
"SWE","MEDICALDOC","TOT","1000HAB","A","1996",2.84,
"SWE","MEDICALDOC","TOT","1000HAB","A","1997",2.85,
"SWE","MEDICALDOC","TOT","1000HAB","A","1998",2.92,
"SWE","MEDICALDOC","TOT","1000HAB","A","1999",2.96,
"SWE","MEDICALDOC","TOT","1000HAB","A","2000",3.02,
"SWE","MEDICALDOC","TOT","1000HAB","A","2001",3.12,
"SWE","MEDICALDOC","TOT","1000HAB","A","2002",3.21,
"SWE","MEDICALDOC","TOT","1000HAB","A","2003",3.28,
"SWE","MEDICALDOC","TOT","1000HAB","A","2004",3.37,
"SWE","MEDICALDOC","TOT","1000HAB","A","2005",3.45,
"SWE","MEDICALDOC","TOT","1000HAB","A","2006",3.54,
"SWE","MEDICALDOC","TOT","1000HAB","A","2007",3.63,
"SWE","MEDICALDOC","TOT","1000HAB","A","2008",3.68,
"SWE","MEDICALDOC","TOT","1000HAB","A","2009",3.75,
"SWE","MEDICALDOC","TOT","1000HAB","A","2010",3.81,
"SWE","MEDICALDOC","TOT","1000HAB","A","2011",3.89,
"SWE","MEDICALDOC","TOT","1000HAB","A","2012",3.97,
"SWE","MEDICALDOC","TOT","1000HAB","A","2013",4.04,
"SWE","MEDICALDOC","TOT","1000HAB","A","2014",4.11,
"SWE","MEDICALDOC","TOT","1000HAB","A","2015",4.17,
"SWE","MEDICALDOC","TOT","1000HAB","A","2016",4.23,
"SWE","MEDICALDOC","TOT","1000HAB","A","2017",4.27,
"CHE","MEDICALDOC","TOT","1000HAB","A","2003",3.65,"E"
"CHE","MEDICALDOC","TOT","1000HAB","A","2004",3.69,"E"
"CHE","MEDICALDOC","TOT","1000HAB","A","2005",3.74,"E"
"CHE","MEDICALDOC","TOT","1000HAB","A","2006",3.79,"E"
"CHE","MEDICALDOC","TOT","1000HAB","A","2007",3.78,"E"
"CHE","MEDICALDOC","TOT","1000HAB","A","2008",3.82,
"CHE","MEDICALDOC","TOT","1000HAB","A","2009",3.83,
"CHE","MEDICALDOC","TOT","1000HAB","A","2010",3.81,
"CHE","MEDICALDOC","TOT","1000HAB","A","2011",3.83,
"CHE","MEDICALDOC","TOT","1000HAB","A","2012",3.92,
"CHE","MEDICALDOC","TOT","1000HAB","A","2013",4.04,
"CHE","MEDICALDOC","TOT","1000HAB","A","2014",4.13,
"CHE","MEDICALDOC","TOT","1000HAB","A","2015",4.2,
"CHE","MEDICALDOC","TOT","1000HAB","A","2016",4.25,
"CHE","MEDICALDOC","TOT","1000HAB","A","2017",4.3,
"CHE","MEDICALDOC","TOT","1000HAB","A","2018",4.34,
"TUR","MEDICALDOC","TOT","1000HAB","A","1960",0.3,
"TUR","MEDICALDOC","TOT","1000HAB","A","1961",0.32,
"TUR","MEDICALDOC","TOT","1000HAB","A","1962",0.38,
"TUR","MEDICALDOC","TOT","1000HAB","A","1963",0.38,
"TUR","MEDICALDOC","TOT","1000HAB","A","1964",0.33,
"TUR","MEDICALDOC","TOT","1000HAB","A","1965",0.35,
"TUR","MEDICALDOC","TOT","1000HAB","A","1966",0.36,
"TUR","MEDICALDOC","TOT","1000HAB","A","1967",0.36,
"TUR","MEDICALDOC","TOT","1000HAB","A","1968",0.38,
"TUR","MEDICALDOC","TOT","1000HAB","A","1969",0.39,
"TUR","MEDICALDOC","TOT","1000HAB","A","1970",0.39,
"TUR","MEDICALDOC","TOT","1000HAB","A","1971",0.46,
"TUR","MEDICALDOC","TOT","1000HAB","A","1972",0.46,
"TUR","MEDICALDOC","TOT","1000HAB","A","1973",0.49,
"TUR","MEDICALDOC","TOT","1000HAB","A","1974",0.53,
"TUR","MEDICALDOC","TOT","1000HAB","A","1975",0.54,
"TUR","MEDICALDOC","TOT","1000HAB","A","1976",0.56,
"TUR","MEDICALDOC","TOT","1000HAB","A","1977",0.58,
"TUR","MEDICALDOC","TOT","1000HAB","A","1978",0.59,
"TUR","MEDICALDOC","TOT","1000HAB","A","1979",0.6,
"TUR","MEDICALDOC","TOT","1000HAB","A","1980",0.61,
"TUR","MEDICALDOC","TOT","1000HAB","A","1981",0.62,
"TUR","MEDICALDOC","TOT","1000HAB","A","1982",0.66,
"TUR","MEDICALDOC","TOT","1000HAB","A","1983",0.67,
"TUR","MEDICALDOC","TOT","1000HAB","A","1984",0.7,
"TUR","MEDICALDOC","TOT","1000HAB","A","1985",0.73,
"TUR","MEDICALDOC","TOT","1000HAB","A","1986",0.73,
"TUR","MEDICALDOC","TOT","1000HAB","A","1987",0.74,
"TUR","MEDICALDOC","TOT","1000HAB","A","1988",0.79,
"TUR","MEDICALDOC","TOT","1000HAB","A","1989",0.85,
"TUR","MEDICALDOC","TOT","1000HAB","A","1990",0.9,
"TUR","MEDICALDOC","TOT","1000HAB","A","1991",0.95,
"TUR","MEDICALDOC","TOT","1000HAB","A","1992",0.98,
"TUR","MEDICALDOC","TOT","1000HAB","A","1993",1.03,
"TUR","MEDICALDOC","TOT","1000HAB","A","1994",1.09,
"TUR","MEDICALDOC","TOT","1000HAB","A","1995",1.1,
"TUR","MEDICALDOC","TOT","1000HAB","A","1996",1.1,
"TUR","MEDICALDOC","TOT","1000HAB","A","1997",1.12,
"TUR","MEDICALDOC","TOT","1000HAB","A","1998",1.15,
"TUR","MEDICALDOC","TOT","1000HAB","A","1999",1.2,
"TUR","MEDICALDOC","TOT","1000HAB","A","2000",1.3,
"TUR","MEDICALDOC","TOT","1000HAB","A","2001",1.38,
"TUR","MEDICALDOC","TOT","1000HAB","A","2002",1.39,
"TUR","MEDICALDOC","TOT","1000HAB","A","2003",1.41,
"TUR","MEDICALDOC","TOT","1000HAB","A","2004",1.44,
"TUR","MEDICALDOC","TOT","1000HAB","A","2005",1.47,
"TUR","MEDICALDOC","TOT","1000HAB","A","2006",1.51,
"TUR","MEDICALDOC","TOT","1000HAB","A","2007",1.55,
"TUR","MEDICALDOC","TOT","1000HAB","A","2008",1.59,
"TUR","MEDICALDOC","TOT","1000HAB","A","2009",1.65,
"TUR","MEDICALDOC","TOT","1000HAB","A","2010",1.69,
"TUR","MEDICALDOC","TOT","1000HAB","A","2011",1.7,
"TUR","MEDICALDOC","TOT","1000HAB","A","2012",1.73,
"TUR","MEDICALDOC","TOT","1000HAB","A","2013",1.76,
"TUR","MEDICALDOC","TOT","1000HAB","A","2014",1.76,
"TUR","MEDICALDOC","TOT","1000HAB","A","2015",1.81,
"TUR","MEDICALDOC","TOT","1000HAB","A","2016",1.83,
"TUR","MEDICALDOC","TOT","1000HAB","A","2017",1.87,
"TUR","MEDICALDOC","TOT","1000HAB","A","2018",1.88,"B"
"GBR","MEDICALDOC","TOT","1000HAB","A","1960",0.85,
"GBR","MEDICALDOC","TOT","1000HAB","A","1961",0.86,
"GBR","MEDICALDOC","TOT","1000HAB","A","1962",0.87,
"GBR","MEDICALDOC","TOT","1000HAB","A","1963",0.87,
"GBR","MEDICALDOC","TOT","1000HAB","A","1964",0.87,
"GBR","MEDICALDOC","TOT","1000HAB","A","1965",0.87,
"GBR","MEDICALDOC","TOT","1000HAB","A","1966",0.88,
"GBR","MEDICALDOC","TOT","1000HAB","A","1967",0.89,
"GBR","MEDICALDOC","TOT","1000HAB","A","1968",0.91,
"GBR","MEDICALDOC","TOT","1000HAB","A","1969",0.93,
"GBR","MEDICALDOC","TOT","1000HAB","A","1970",0.94,
"GBR","MEDICALDOC","TOT","1000HAB","A","1971",1.01,"B"
"GBR","MEDICALDOC","TOT","1000HAB","A","1972",1.05,
"GBR","MEDICALDOC","TOT","1000HAB","A","1973",1.08,
"GBR","MEDICALDOC","TOT","1000HAB","A","1974",1.1,
"GBR","MEDICALDOC","TOT","1000HAB","A","1975",1.14,
"GBR","MEDICALDOC","TOT","1000HAB","A","1976",1.16,
"GBR","MEDICALDOC","TOT","1000HAB","A","1977",1.19,
"GBR","MEDICALDOC","TOT","1000HAB","A","1978",1.22,
"GBR","MEDICALDOC","TOT","1000HAB","A","1979",1.29,"B"
"GBR","MEDICALDOC","TOT","1000HAB","A","1980",1.32,
"GBR","MEDICALDOC","TOT","1000HAB","A","1981",1.35,
"GBR","MEDICALDOC","TOT","1000HAB","A","1982",1.34,
"GBR","MEDICALDOC","TOT","1000HAB","A","1983",1.4,
"GBR","MEDICALDOC","TOT","1000HAB","A","1984",1.41,
"GBR","MEDICALDOC","TOT","1000HAB","A","1985",1.43,
"GBR","MEDICALDOC","TOT","1000HAB","A","1986",1.44,
"GBR","MEDICALDOC","TOT","1000HAB","A","1987",1.5,"B"
"GBR","MEDICALDOC","TOT","1000HAB","A","1988",1.53,
"GBR","MEDICALDOC","TOT","1000HAB","A","1989",1.55,
"GBR","MEDICALDOC","TOT","1000HAB","A","1990",1.62,"B"
"GBR","MEDICALDOC","TOT","1000HAB","A","1991",1.63,
"GBR","MEDICALDOC","TOT","1000HAB","A","1992",1.64,
"GBR","MEDICALDOC","TOT","1000HAB","A","1993",1.68,
"GBR","MEDICALDOC","TOT","1000HAB","A","1994",1.7,
"GBR","MEDICALDOC","TOT","1000HAB","A","1995",1.75,
"GBR","MEDICALDOC","TOT","1000HAB","A","1996",1.8,
"GBR","MEDICALDOC","TOT","1000HAB","A","1997",1.85,
"GBR","MEDICALDOC","TOT","1000HAB","A","1998",1.9,
"GBR","MEDICALDOC","TOT","1000HAB","A","1999",1.91,
"GBR","MEDICALDOC","TOT","1000HAB","A","2000",1.98,
"GBR","MEDICALDOC","TOT","1000HAB","A","2001",2.03,
"GBR","MEDICALDOC","TOT","1000HAB","A","2002",2.1,
"GBR","MEDICALDOC","TOT","1000HAB","A","2003",2.19,
"GBR","MEDICALDOC","TOT","1000HAB","A","2004",2.32,
"GBR","MEDICALDOC","TOT","1000HAB","A","2005",2.4,
"GBR","MEDICALDOC","TOT","1000HAB","A","2006",2.45,
"GBR","MEDICALDOC","TOT","1000HAB","A","2007",2.48,
"GBR","MEDICALDOC","TOT","1000HAB","A","2008",2.57,
"GBR","MEDICALDOC","TOT","1000HAB","A","2009",2.64,"B"
"GBR","MEDICALDOC","TOT","1000HAB","A","2010",2.65,
"GBR","MEDICALDOC","TOT","1000HAB","A","2011",2.69,
"GBR","MEDICALDOC","TOT","1000HAB","A","2012",2.7,
"GBR","MEDICALDOC","TOT","1000HAB","A","2013",2.71,
"GBR","MEDICALDOC","TOT","1000HAB","A","2014",2.75,
"GBR","MEDICALDOC","TOT","1000HAB","A","2015",2.77,"B"
"GBR","MEDICALDOC","TOT","1000HAB","A","2016",2.78,
"GBR","MEDICALDOC","TOT","1000HAB","A","2017",2.81,
"GBR","MEDICALDOC","TOT","1000HAB","A","2018",2.84,
"GBR","MEDICALDOC","TOT","1000HAB","A","2019",2.95,
"USA","MEDICALDOC","TOT","1000HAB","A","1993",2.12,
"USA","MEDICALDOC","TOT","1000HAB","A","1994",2.14,
"USA","MEDICALDOC","TOT","1000HAB","A","1995",2.19,
"USA","MEDICALDOC","TOT","1000HAB","A","1996",2.22,
"USA","MEDICALDOC","TOT","1000HAB","A","1997",2.28,
"USA","MEDICALDOC","TOT","1000HAB","A","1998",2.25,
"USA","MEDICALDOC","TOT","1000HAB","A","1999",2.24,
"USA","MEDICALDOC","TOT","1000HAB","A","2000",2.29,
"USA","MEDICALDOC","TOT","1000HAB","A","2001",2.35,
"USA","MEDICALDOC","TOT","1000HAB","A","2002",2.35,
"USA","MEDICALDOC","TOT","1000HAB","A","2003",2.38,
"USA","MEDICALDOC","TOT","1000HAB","A","2004",2.39,
"USA","MEDICALDOC","TOT","1000HAB","A","2005",2.43,
"USA","MEDICALDOC","TOT","1000HAB","A","2006",2.42,
"USA","MEDICALDOC","TOT","1000HAB","A","2007",2.43,
"USA","MEDICALDOC","TOT","1000HAB","A","2008",2.44,
"USA","MEDICALDOC","TOT","1000HAB","A","2009",2.44,
"USA","MEDICALDOC","TOT","1000HAB","A","2010",2.43,
"USA","MEDICALDOC","TOT","1000HAB","A","2011",2.46,
"USA","MEDICALDOC","TOT","1000HAB","A","2012",2.5,
"USA","MEDICALDOC","TOT","1000HAB","A","2013",2.56,
"USA","MEDICALDOC","TOT","1000HAB","A","2014",2.58,
"USA","MEDICALDOC","TOT","1000HAB","A","2015",2.58,
"USA","MEDICALDOC","TOT","1000HAB","A","2016",2.59,
"USA","MEDICALDOC","TOT","1000HAB","A","2017",2.61,
"USA","MEDICALDOC","TOT","1000HAB","A","2018",2.61,
"BRA","MEDICALDOC","TOT","1000HAB","A","1990",1.09,
"BRA","MEDICALDOC","TOT","1000HAB","A","1991",1.11,
"BRA","MEDICALDOC","TOT","1000HAB","A","1992",1.14,
"BRA","MEDICALDOC","TOT","1000HAB","A","1993",1.17,
"BRA","MEDICALDOC","TOT","1000HAB","A","1994",1.2,
"BRA","MEDICALDOC","TOT","1000HAB","A","1995",1.23,
"BRA","MEDICALDOC","TOT","1000HAB","A","1996",1.26,
"BRA","MEDICALDOC","TOT","1000HAB","A","1997",1.3,
"BRA","MEDICALDOC","TOT","1000HAB","A","1998",1.28,
"BRA","MEDICALDOC","TOT","1000HAB","A","1999",1.38,
"BRA","MEDICALDOC","TOT","1000HAB","A","2000",1.36,
"BRA","MEDICALDOC","TOT","1000HAB","A","2001",1.4,
"BRA","MEDICALDOC","TOT","1000HAB","A","2002",1.43,
"BRA","MEDICALDOC","TOT","1000HAB","A","2003",1.48,
"BRA","MEDICALDOC","TOT","1000HAB","A","2004",1.6,
"BRA","MEDICALDOC","TOT","1000HAB","A","2005",1.68,
"BRA","MEDICALDOC","TOT","1000HAB","A","2006",1.71,
"BRA","MEDICALDOC","TOT","1000HAB","A","2007",1.74,
"BRA","MEDICALDOC","TOT","1000HAB","A","2008",1.79,
"BRA","MEDICALDOC","TOT","1000HAB","A","2009",1.83,
"BRA","MEDICALDOC","TOT","1000HAB","A","2010",1.82,
"CHN","MEDICALDOC","TOT","1000HAB","A","1978",0.63,"D"
"CHN","MEDICALDOC","TOT","1000HAB","A","1980",0.71,"D"
"CHN","MEDICALDOC","TOT","1000HAB","A","1985",0.67,"D"
"CHN","MEDICALDOC","TOT","1000HAB","A","1990",1.11,"D"
"CHN","MEDICALDOC","TOT","1000HAB","A","1995",1.17,"D"
"CHN","MEDICALDOC","TOT","1000HAB","A","1996",1.18,"D"
"CHN","MEDICALDOC","TOT","1000HAB","A","1997",1.19,"D"
"CHN","MEDICALDOC","TOT","1000HAB","A","1998",1.19,"D"
"CHN","MEDICALDOC","TOT","1000HAB","A","1999",1.22,"D"
"CHN","MEDICALDOC","TOT","1000HAB","A","2000",1.24,"D"
"CHN","MEDICALDOC","TOT","1000HAB","A","2001",1.26,"D"
"CHN","MEDICALDOC","TOT","1000HAB","A","2002",1.12,"D"
"CHN","MEDICALDOC","TOT","1000HAB","A","2003",1.17,"D"
"CHN","MEDICALDOC","TOT","1000HAB","A","2004",1.2,"D"
"CHN","MEDICALDOC","TOT","1000HAB","A","2005",1.22,"D"
"CHN","MEDICALDOC","TOT","1000HAB","A","2006",1.25,"D"
"CHN","MEDICALDOC","TOT","1000HAB","A","2007",1.27,"D"
"CHN","MEDICALDOC","TOT","1000HAB","A","2008",1.32,"D"
"CHN","MEDICALDOC","TOT","1000HAB","A","2009",1.4,"D"
"CHN","MEDICALDOC","TOT","1000HAB","A","2010",1.44,"D"
"CHN","MEDICALDOC","TOT","1000HAB","A","2011",1.47,"D"
"CHN","MEDICALDOC","TOT","1000HAB","A","2012",1.55,"D"
"CHN","MEDICALDOC","TOT","1000HAB","A","2013",1.64,"D"
"CHN","MEDICALDOC","TOT","1000HAB","A","2014",1.7,"D"
"CHN","MEDICALDOC","TOT","1000HAB","A","2015",1.78,"D"
"CHN","MEDICALDOC","TOT","1000HAB","A","2016",1.88,"D"
"CHN","MEDICALDOC","TOT","1000HAB","A","2017",1.99,"D"
"EST","MEDICALDOC","TOT","1000HAB","A","1960",2.08,
"EST","MEDICALDOC","TOT","1000HAB","A","1961",2.2,
"EST","MEDICALDOC","TOT","1000HAB","A","1962",2.25,
"EST","MEDICALDOC","TOT","1000HAB","A","1963",2.35,
"EST","MEDICALDOC","TOT","1000HAB","A","1964",2.43,
"EST","MEDICALDOC","TOT","1000HAB","A","1965",2.51,
"EST","MEDICALDOC","TOT","1000HAB","A","1966",2.58,
"EST","MEDICALDOC","TOT","1000HAB","A","1967",2.64,
"EST","MEDICALDOC","TOT","1000HAB","A","1968",2.68,
"EST","MEDICALDOC","TOT","1000HAB","A","1969",2.71,
"EST","MEDICALDOC","TOT","1000HAB","A","1970",2.84,
"EST","MEDICALDOC","TOT","1000HAB","A","1971",2.89,
"EST","MEDICALDOC","TOT","1000HAB","A","1972",2.96,
"EST","MEDICALDOC","TOT","1000HAB","A","1973",3.07,
"EST","MEDICALDOC","TOT","1000HAB","A","1974",3.11,
"EST","MEDICALDOC","TOT","1000HAB","A","1975",3.18,
"EST","MEDICALDOC","TOT","1000HAB","A","1976",3.28,
"EST","MEDICALDOC","TOT","1000HAB","A","1977",3.37,
"EST","MEDICALDOC","TOT","1000HAB","A","1978",3.47,
"EST","MEDICALDOC","TOT","1000HAB","A","1979",3.53,
"EST","MEDICALDOC","TOT","1000HAB","A","1980",3.62,
"EST","MEDICALDOC","TOT","1000HAB","A","1981",3.7,
"EST","MEDICALDOC","TOT","1000HAB","A","1982",3.81,
"EST","MEDICALDOC","TOT","1000HAB","A","1983",3.92,
"EST","MEDICALDOC","TOT","1000HAB","A","1984",3.99,
"EST","MEDICALDOC","TOT","1000HAB","A","1985",3.33,"B"
"EST","MEDICALDOC","TOT","1000HAB","A","1986",3.39,
"EST","MEDICALDOC","TOT","1000HAB","A","1987",3.47,
"EST","MEDICALDOC","TOT","1000HAB","A","1988",3.48,
"EST","MEDICALDOC","TOT","1000HAB","A","1989",3.49,
"EST","MEDICALDOC","TOT","1000HAB","A","1990",3.5,
"EST","MEDICALDOC","TOT","1000HAB","A","1991",3.54,
"EST","MEDICALDOC","TOT","1000HAB","A","1992",3.26,"B"
"EST","MEDICALDOC","TOT","1000HAB","A","1993",3.21,
"EST","MEDICALDOC","TOT","1000HAB","A","1994",3.2,
"EST","MEDICALDOC","TOT","1000HAB","A","1995",3.19,
"EST","MEDICALDOC","TOT","1000HAB","A","1996",3.15,
"EST","MEDICALDOC","TOT","1000HAB","A","1997",3.24,
"EST","MEDICALDOC","TOT","1000HAB","A","1998",3,"B"
"EST","MEDICALDOC","TOT","1000HAB","A","1999",3.02,
"EST","MEDICALDOC","TOT","1000HAB","A","2000",2.94,
"EST","MEDICALDOC","TOT","1000HAB","A","2001",2.78,
"EST","MEDICALDOC","TOT","1000HAB","A","2002",2.96,
"EST","MEDICALDOC","TOT","1000HAB","A","2003",3,
"EST","MEDICALDOC","TOT","1000HAB","A","2004",3.02,
"EST","MEDICALDOC","TOT","1000HAB","A","2005",3.14,
"EST","MEDICALDOC","TOT","1000HAB","A","2006",3.18,
"EST","MEDICALDOC","TOT","1000HAB","A","2007",3.26,
"EST","MEDICALDOC","TOT","1000HAB","A","2008",3.34,
"EST","MEDICALDOC","TOT","1000HAB","A","2009",3.28,
"EST","MEDICALDOC","TOT","1000HAB","A","2010",3.24,
"EST","MEDICALDOC","TOT","1000HAB","A","2011",3.29,
"EST","MEDICALDOC","TOT","1000HAB","A","2012",3.28,
"EST","MEDICALDOC","TOT","1000HAB","A","2013",3.33,"B"
"EST","MEDICALDOC","TOT","1000HAB","A","2014",3.36,
"EST","MEDICALDOC","TOT","1000HAB","A","2015",3.41,
"EST","MEDICALDOC","TOT","1000HAB","A","2016",3.46,
"EST","MEDICALDOC","TOT","1000HAB","A","2017",3.47,
"EST","MEDICALDOC","TOT","1000HAB","A","2018",3.48,
"IND","MEDICALDOC","TOT","1000HAB","A","1990",0.43,"D"
"IND","MEDICALDOC","TOT","1000HAB","A","1991",0.44,"D"
"IND","MEDICALDOC","TOT","1000HAB","A","1992",0.45,"D"
"IND","MEDICALDOC","TOT","1000HAB","A","1993",0.46,"D"
"IND","MEDICALDOC","TOT","1000HAB","A","1994",0.47,"D"
"IND","MEDICALDOC","TOT","1000HAB","A","1995",0.48,"D"
"IND","MEDICALDOC","TOT","1000HAB","A","1996",0.49,"D"
"IND","MEDICALDOC","TOT","1000HAB","A","1997",0.5,"D"
"IND","MEDICALDOC","TOT","1000HAB","A","1998",0.5,"D"
"IND","MEDICALDOC","TOT","1000HAB","A","1999",0.52,"D"
"IND","MEDICALDOC","TOT","1000HAB","A","2000",0.53,"D"
"IND","MEDICALDOC","TOT","1000HAB","A","2001",0.54,"D"
"IND","MEDICALDOC","TOT","1000HAB","A","2002",0.56,"D"
"IND","MEDICALDOC","TOT","1000HAB","A","2003",0.56,"D"
"IND","MEDICALDOC","TOT","1000HAB","A","2004",0.57,"D"
"IND","MEDICALDOC","TOT","1000HAB","A","2005",0.59,"D"
"IND","MEDICALDOC","TOT","1000HAB","A","2006",0.6,"D"
"IND","MEDICALDOC","TOT","1000HAB","A","2007",0.62,"D"
"IND","MEDICALDOC","TOT","1000HAB","A","2008",0.63,"D"
"IND","MEDICALDOC","TOT","1000HAB","A","2009",0.65,"D"
"IND","MEDICALDOC","TOT","1000HAB","A","2010",0.69,"D"
"IND","MEDICALDOC","TOT","1000HAB","A","2011",0.74,"D"
"IND","MEDICALDOC","TOT","1000HAB","A","2012",0.7,"D"
"IND","MEDICALDOC","TOT","1000HAB","A","2013",0.72,"D"
"IND","MEDICALDOC","TOT","1000HAB","A","2014",0.72,"D"
"IND","MEDICALDOC","TOT","1000HAB","A","2015",0.73,"D"
"IND","MEDICALDOC","TOT","1000HAB","A","2016",0.76,"D"
"IND","MEDICALDOC","TOT","1000HAB","A","2017",0.78,"D"
"IDN","MEDICALDOC","TOT","1000HAB","A","2012",0.31,
"IDN","MEDICALDOC","TOT","1000HAB","A","2013",0.32,
"ISR","MEDICALDOC","TOT","1000HAB","A","1996",3.56,
"ISR","MEDICALDOC","TOT","1000HAB","A","1997",3.63,
"ISR","MEDICALDOC","TOT","1000HAB","A","1998",3.7,
"ISR","MEDICALDOC","TOT","1000HAB","A","1999",3.62,
"ISR","MEDICALDOC","TOT","1000HAB","A","2000",3.45,
"ISR","MEDICALDOC","TOT","1000HAB","A","2001",3.27,
"ISR","MEDICALDOC","TOT","1000HAB","A","2002",3.28,
"ISR","MEDICALDOC","TOT","1000HAB","A","2003",3.36,
"ISR","MEDICALDOC","TOT","1000HAB","A","2004",3.34,
"ISR","MEDICALDOC","TOT","1000HAB","A","2005",3.22,
"ISR","MEDICALDOC","TOT","1000HAB","A","2006",3.21,
"ISR","MEDICALDOC","TOT","1000HAB","A","2007",3.28,
"ISR","MEDICALDOC","TOT","1000HAB","A","2008",3.42,
"ISR","MEDICALDOC","TOT","1000HAB","A","2009",3.46,
"ISR","MEDICALDOC","TOT","1000HAB","A","2010",3.32,
"ISR","MEDICALDOC","TOT","1000HAB","A","2011",3.26,
"ISR","MEDICALDOC","TOT","1000HAB","A","2012",2.97,"B"
"ISR","MEDICALDOC","TOT","1000HAB","A","2013",2.94,
"ISR","MEDICALDOC","TOT","1000HAB","A","2014",2.98,
"ISR","MEDICALDOC","TOT","1000HAB","A","2015",3.07,
"ISR","MEDICALDOC","TOT","1000HAB","A","2016",3.08,
"ISR","MEDICALDOC","TOT","1000HAB","A","2017",3.14,
"ISR","MEDICALDOC","TOT","1000HAB","A","2018",3.22,
"RUS","MEDICALDOC","TOT","1000HAB","A","1985",3.87,
"RUS","MEDICALDOC","TOT","1000HAB","A","1986",3.94,
"RUS","MEDICALDOC","TOT","1000HAB","A","1987",4.01,
"RUS","MEDICALDOC","TOT","1000HAB","A","1988",4.05,
"RUS","MEDICALDOC","TOT","1000HAB","A","1989",4.1,
"RUS","MEDICALDOC","TOT","1000HAB","A","1990",4.51,
"RUS","MEDICALDOC","TOT","1000HAB","A","1991",4.26,
"RUS","MEDICALDOC","TOT","1000HAB","A","1992",4.29,
"RUS","MEDICALDOC","TOT","1000HAB","A","1993",4.32,
"RUS","MEDICALDOC","TOT","1000HAB","A","1994",4.29,
"RUS","MEDICALDOC","TOT","1000HAB","A","1995",4.41,
"RUS","MEDICALDOC","TOT","1000HAB","A","1996",4.52,
"RUS","MEDICALDOC","TOT","1000HAB","A","1997",4.55,
"RUS","MEDICALDOC","TOT","1000HAB","A","1998",4.6,
"RUS","MEDICALDOC","TOT","1000HAB","A","1999",4.64,
"RUS","MEDICALDOC","TOT","1000HAB","A","2000",4.64,
"RUS","MEDICALDOC","TOT","1000HAB","A","2001",4.64,
"RUS","MEDICALDOC","TOT","1000HAB","A","2002",4.7,
"RUS","MEDICALDOC","TOT","1000HAB","A","2003",4.75,
"RUS","MEDICALDOC","TOT","1000HAB","A","2004",4.79,
"RUS","MEDICALDOC","TOT","1000HAB","A","2005",4.82,
"RUS","MEDICALDOC","TOT","1000HAB","A","2006",4.93,
"RUS","MEDICALDOC","TOT","1000HAB","A","2007",4.98,
"RUS","MEDICALDOC","TOT","1000HAB","A","2008",4.96,
"RUS","MEDICALDOC","TOT","1000HAB","A","2009",5.01,
"RUS","MEDICALDOC","TOT","1000HAB","A","2010",5.03,
"RUS","MEDICALDOC","TOT","1000HAB","A","2011",4.25,"B"
"RUS","MEDICALDOC","TOT","1000HAB","A","2012",4.03,
"RUS","MEDICALDOC","TOT","1000HAB","A","2013",4.02,
"RUS","MEDICALDOC","TOT","1000HAB","A","2014",4.15,"B"
"RUS","MEDICALDOC","TOT","1000HAB","A","2015",3.9,
"RUS","MEDICALDOC","TOT","1000HAB","A","2016",3.94,
"RUS","MEDICALDOC","TOT","1000HAB","A","2017",4.04,
"RUS","MEDICALDOC","TOT","1000HAB","A","2018",4.09,
"SVN","MEDICALDOC","TOT","1000HAB","A","1998",2.19,
"SVN","MEDICALDOC","TOT","1000HAB","A","1999",2.13,
"SVN","MEDICALDOC","TOT","1000HAB","A","2000",2.15,
"SVN","MEDICALDOC","TOT","1000HAB","A","2001",2.17,
"SVN","MEDICALDOC","TOT","1000HAB","A","2002",2.23,
"SVN","MEDICALDOC","TOT","1000HAB","A","2003",2.25,
"SVN","MEDICALDOC","TOT","1000HAB","A","2004",2.3,
"SVN","MEDICALDOC","TOT","1000HAB","A","2005",2.35,
"SVN","MEDICALDOC","TOT","1000HAB","A","2006",2.36,
"SVN","MEDICALDOC","TOT","1000HAB","A","2007",2.39,
"SVN","MEDICALDOC","TOT","1000HAB","A","2008",2.4,
"SVN","MEDICALDOC","TOT","1000HAB","A","2009",2.41,
"SVN","MEDICALDOC","TOT","1000HAB","A","2010",2.43,
"SVN","MEDICALDOC","TOT","1000HAB","A","2011",2.49,
"SVN","MEDICALDOC","TOT","1000HAB","A","2012",2.54,
"SVN","MEDICALDOC","TOT","1000HAB","A","2013",2.63,
"SVN","MEDICALDOC","TOT","1000HAB","A","2014",2.77,
"SVN","MEDICALDOC","TOT","1000HAB","A","2015",2.83,
"SVN","MEDICALDOC","TOT","1000HAB","A","2016",3.01,
"SVN","MEDICALDOC","TOT","1000HAB","A","2017",3.1,
"SVN","MEDICALDOC","TOT","1000HAB","A","2018",3.18,
"ZAF","MEDICALDOC","TOT","1000HAB","A","2007",0.7,"D"
"ZAF","MEDICALDOC","TOT","1000HAB","A","2008",0.7,"D"
"ZAF","MEDICALDOC","TOT","1000HAB","A","2009",0.71,"D"
"ZAF","MEDICALDOC","TOT","1000HAB","A","2010",0.72,"D"
"ZAF","MEDICALDOC","TOT","1000HAB","A","2011",0.72,"D"
"ZAF","MEDICALDOC","TOT","1000HAB","A","2012",0.73,"D"
"ZAF","MEDICALDOC","TOT","1000HAB","A","2013",0.74,"D"
"ZAF","MEDICALDOC","TOT","1000HAB","A","2014",0.75,"D"
"ZAF","MEDICALDOC","TOT","1000HAB","A","2015",0.78,"D"
"COL","MEDICALDOC","TOT","1000HAB","A","1990",0.77,
"COL","MEDICALDOC","TOT","1000HAB","A","1991",0.82,
"COL","MEDICALDOC","TOT","1000HAB","A","1992",0.88,
"COL","MEDICALDOC","TOT","1000HAB","A","1993",0.92,
"COL","MEDICALDOC","TOT","1000HAB","A","1994",0.96,
"COL","MEDICALDOC","TOT","1000HAB","A","1995",1.01,
"COL","MEDICALDOC","TOT","1000HAB","A","1996",1.05,
"COL","MEDICALDOC","TOT","1000HAB","A","1997",1.09,
"COL","MEDICALDOC","TOT","1000HAB","A","1998",1.14,
"COL","MEDICALDOC","TOT","1000HAB","A","1999",1.18,
"COL","MEDICALDOC","TOT","1000HAB","A","2000",1.23,
"COL","MEDICALDOC","TOT","1000HAB","A","2001",1.25,
"COL","MEDICALDOC","TOT","1000HAB","A","2002",1.29,
"COL","MEDICALDOC","TOT","1000HAB","A","2003",1.32,
"COL","MEDICALDOC","TOT","1000HAB","A","2004",1.36,
"COL","MEDICALDOC","TOT","1000HAB","A","2005",1.41,
"COL","MEDICALDOC","TOT","1000HAB","A","2006",1.45,
"COL","MEDICALDOC","TOT","1000HAB","A","2007",1.49,
"COL","MEDICALDOC","TOT","1000HAB","A","2008",1.54,
"COL","MEDICALDOC","TOT","1000HAB","A","2009",1.59,
"COL","MEDICALDOC","TOT","1000HAB","A","2010",1.64,
"COL","MEDICALDOC","TOT","1000HAB","A","2011",1.7,
"COL","MEDICALDOC","TOT","1000HAB","A","2012",1.75,
"COL","MEDICALDOC","TOT","1000HAB","A","2013",1.82,
"COL","MEDICALDOC","TOT","1000HAB","A","2014",1.89,
"COL","MEDICALDOC","TOT","1000HAB","A","2015",1.95,
"COL","MEDICALDOC","TOT","1000HAB","A","2016",2.01,
"COL","MEDICALDOC","TOT","1000HAB","A","2017",2.09,
"COL","MEDICALDOC","TOT","1000HAB","A","2018",2.18,
"LVA","MEDICALDOC","TOT","1000HAB","A","1990",3.54,
"LVA","MEDICALDOC","TOT","1000HAB","A","1991",3.61,
"LVA","MEDICALDOC","TOT","1000HAB","A","1992",3.13,
"LVA","MEDICALDOC","TOT","1000HAB","A","1993",2.9,
"LVA","MEDICALDOC","TOT","1000HAB","A","1994",2.89,
"LVA","MEDICALDOC","TOT","1000HAB","A","1995",2.83,
"LVA","MEDICALDOC","TOT","1000HAB","A","1996",2.83,
"LVA","MEDICALDOC","TOT","1000HAB","A","1997",2.87,
"LVA","MEDICALDOC","TOT","1000HAB","A","1998",2.74,
"LVA","MEDICALDOC","TOT","1000HAB","A","1999",2.72,
"LVA","MEDICALDOC","TOT","1000HAB","A","2000",2.88,
"LVA","MEDICALDOC","TOT","1000HAB","A","2001",2.69,"B"
"LVA","MEDICALDOC","TOT","1000HAB","A","2002",2.79,
"LVA","MEDICALDOC","TOT","1000HAB","A","2003",2.83,
"LVA","MEDICALDOC","TOT","1000HAB","A","2004",2.92,
"LVA","MEDICALDOC","TOT","1000HAB","A","2005",2.96,"B"
"LVA","MEDICALDOC","TOT","1000HAB","A","2006",3.03,
"LVA","MEDICALDOC","TOT","1000HAB","A","2007",3.14,
"LVA","MEDICALDOC","TOT","1000HAB","A","2008",3.23,
"LVA","MEDICALDOC","TOT","1000HAB","A","2009",3.15,
"LVA","MEDICALDOC","TOT","1000HAB","A","2010",3.11,
"LVA","MEDICALDOC","TOT","1000HAB","A","2011",3.13,
"LVA","MEDICALDOC","TOT","1000HAB","A","2012",3.14,
"LVA","MEDICALDOC","TOT","1000HAB","A","2013",3.19,
"LVA","MEDICALDOC","TOT","1000HAB","A","2014",3.22,
"LVA","MEDICALDOC","TOT","1000HAB","A","2015",3.2,
"LVA","MEDICALDOC","TOT","1000HAB","A","2016",3.21,
"LVA","MEDICALDOC","TOT","1000HAB","A","2017",3.21,
"LVA","MEDICALDOC","TOT","1000HAB","A","2018",3.3,
"LTU","MEDICALDOC","TOT","1000HAB","A","1992",3.58,
"LTU","MEDICALDOC","TOT","1000HAB","A","1993",3.61,
"LTU","MEDICALDOC","TOT","1000HAB","A","1994",3.69,
"LTU","MEDICALDOC","TOT","1000HAB","A","1995",3.68,
"LTU","MEDICALDOC","TOT","1000HAB","A","1996",3.72,
"LTU","MEDICALDOC","TOT","1000HAB","A","1997",3.76,
"LTU","MEDICALDOC","TOT","1000HAB","A","1998",3.72,
"LTU","MEDICALDOC","TOT","1000HAB","A","1999",3.71,
"LTU","MEDICALDOC","TOT","1000HAB","A","2000",3.63,
"LTU","MEDICALDOC","TOT","1000HAB","A","2001",3.63,
"LTU","MEDICALDOC","TOT","1000HAB","A","2002",3.7,
"LTU","MEDICALDOC","TOT","1000HAB","A","2003",3.67,
"LTU","MEDICALDOC","TOT","1000HAB","A","2004",3.63,
"LTU","MEDICALDOC","TOT","1000HAB","A","2005",3.72,
"LTU","MEDICALDOC","TOT","1000HAB","A","2006",3.79,
"LTU","MEDICALDOC","TOT","1000HAB","A","2007",3.88,
"LTU","MEDICALDOC","TOT","1000HAB","A","2008",3.88,
"LTU","MEDICALDOC","TOT","1000HAB","A","2009",3.85,
"LTU","MEDICALDOC","TOT","1000HAB","A","2010",3.95,
"LTU","MEDICALDOC","TOT","1000HAB","A","2011",4.1,
"LTU","MEDICALDOC","TOT","1000HAB","A","2012",4.22,
"LTU","MEDICALDOC","TOT","1000HAB","A","2013",4.28,
"LTU","MEDICALDOC","TOT","1000HAB","A","2014",4.31,
"LTU","MEDICALDOC","TOT","1000HAB","A","2015",4.34,
"LTU","MEDICALDOC","TOT","1000HAB","A","2016",4.47,
"LTU","MEDICALDOC","TOT","1000HAB","A","2017",4.56,
"LTU","MEDICALDOC","TOT","1000HAB","A","2018",4.6,
