2023-03,19 Melilla,29.57
2023-03,18 Ceuta,39.52
2023-03,17 La Rioja,252.34
2023-03,16 País Vasco,1671.66
2023-03,15 Comunidad Foral de Navarra,411.55
2023-03,14 Región de Murcia,897.74
2023-03,13 Comunidad de Madrid,3544.23
2023-03,12 Galicia,2428.41
2023-03,11 Extremadura,862.66
2023-03,10 Comunitat Valenciana,3594.68
2023-03,09 Cataluña,4920.76
2023-03,08 Castilla - La Mancha,1488.04
2023-03,07 Castilla y León,2015.86
2023-03,06 Cantabria,432.5
2023-03,05 Canarias,1331.14
2023-03,04 Illes Balears,630.88
2023-03,03 Principado de Asturias,967.76
2023-03,02 Aragón,1077.41
2023-03,01 Andalucía,5344.73
2023-02,19 Melilla,40.77
2023-02,18 Ceuta,54.7
2023-02,17 La Rioja,265.3
2023-02,16 País Vasco,1926.51
2023-02,15 Comunidad Foral de Navarra,515.71
2023-02,14 Región de Murcia,1095.31
2023-02,13 Comunidad de Madrid,4395.16
2023-02,12 Galicia,2928.82
2023-02,11 Extremadura,1118.85
2023-02,10 Comunitat Valenciana,4526.46
2023-02,09 Cataluña,6136.74
2023-02,08 Castilla - La Mancha,1820.51
2023-02,07 Castilla y León,2595.79
2023-02,06 Cantabria,500.01
2023-02,05 Canarias,1653.08
2023-02,04 Illes Balears,803.31
2023-02,03 Principado de Asturias,1154.67
2023-02,02 Aragón,1302.38
2023-02,01 Andalucía,7019.64
2023-01,19 Melilla,42.79
2023-01,18 Ceuta,62.83
2023-01,17 La Rioja,355.9
2023-01,16 País Vasco,2135.6
2023-01,15 Comunidad Foral de Navarra,600.48
2023-01,14 Región de Murcia,1237.58
2023-01,13 Comunidad de Madrid,4875.78
2023-01,12 Galicia,3304.57
2023-01,11 Extremadura,1162.63
2023-01,10 Comunitat Valenciana,4650.69
2023-01,09 Cataluña,6922.67
2023-01,08 Castilla - La Mancha,1994.86
2023-01,07 Castilla y León,2846.91
2023-01,06 Cantabria,644.16
2023-01,05 Canarias,1774.8
2023-01,04 Illes Balears,878.37
2023-01,03 Principado de Asturias,1315.44
2023-01,02 Aragón,1469.37
2023-01,01 Andalucía,7739.22
2022-12,19 Melilla,38.72
2022-12,18 Ceuta,59.74
2022-12,17 La Rioja,344.25
2022-12,16 País Vasco,2147.27
2022-12,15 Comunidad Foral de Navarra,580.05
2022-12,14 Región de Murcia,1141.38
2022-12,13 Comunidad de Madrid,4872.32
2022-12,12 Galicia,3309.47
2022-12,11 Extremadura,1093.44
2022-12,10 Comunitat Valenciana,4601.17
2022-12,09 Cataluña,6854.71
2022-12,08 Castilla - La Mancha,1819.96
2022-12,07 Castilla y León,2706.94
2022-12,06 Cantabria,594.79
2022-12,05 Canarias,1694.28
2022-12,04 Illes Balears,770.83
2022-12,03 Principado de Asturias,1290.35
2022-12,02 Aragón,1526.57
2022-12,01 Andalucía,7128.31
2022-11,19 Melilla,35.65
2022-11,18 Ceuta,49.67
2022-11,17 La Rioja,270.48
2022-11,16 País Vasco,1816.13
2022-11,15 Comunidad Foral de Navarra,500.39
2022-11,14 Región de Murcia,928.44
2022-11,13 Comunidad de Madrid,4037.64
2022-11,12 Galicia,2785.99
2022-11,11 Extremadura,840.92
2022-11,10 Comunitat Valenciana,3766.41
2022-11,09 Cataluña,5572.14
2022-11,08 Castilla - La Mancha,1616.73
2022-11,07 Castilla y León,2442.43
2022-11,06 Cantabria,511.71
2022-11,05 Canarias,1543.22
2022-11,04 Illes Balears,699.85
2022-11,03 Principado de Asturias,1152.65
2022-11,02 Aragón,1280.35
2022-11,01 Andalucía,5878.58
2022-10,19 Melilla,30.58
2022-10,18 Ceuta,54.7
2022-10,17 La Rioja,288.6
2022-10,16 País Vasco,1934.39
2022-10,15 Comunidad Foral de Navarra,497.31
2022-10,14 Región de Murcia,1066.67
2022-10,13 Comunidad de Madrid,3967.96
2022-10,12 Galicia,2731.42
2022-10,11 Extremadura,888.61
2022-10,10 Comunitat Valenciana,3858.21
2022-10,09 Cataluña,5382.66
2022-10,08 Castilla - La Mancha,1576.4
2022-10,07 Castilla y León,2417.27
2022-10,06 Cantabria,531.16
2022-10,05 Canarias,1517.91
2022-10,04 Illes Balears,742.46
2022-10,03 Principado de Asturias,1028.01
2022-10,02 Aragón,1207.49
2022-10,01 Andalucía,5815.36
2022-09,19 Melilla,35.67
2022-09,18 Ceuta,40.52
2022-09,17 La Rioja,243.3
2022-09,16 País Vasco,1739.64
2022-09,15 Comunidad Foral de Navarra,443.21
2022-09,14 Región de Murcia,854.72
2022-09,13 Comunidad de Madrid,3440.91
2022-09,12 Galicia,2540.12
2022-09,11 Extremadura,866.7
2022-09,10 Comunitat Valenciana,3625.08
2022-09,09 Cataluña,4829.06
2022-09,08 Castilla - La Mancha,1376.95
2022-09,07 Castilla y León,2190.74
2022-09,06 Cantabria,490.93
2022-09,05 Canarias,1394.32
2022-09,04 Illes Balears,757.68
2022-09,03 Principado de Asturias,999.9
2022-09,02 Aragón,1165.08
2022-09,01 Andalucía,5487.39
2022-08,19 Melilla,38.74
2022-08,18 Ceuta,47.6
2022-08,17 La Rioja,291.17
2022-08,16 País Vasco,1876.62
2022-08,15 Comunidad Foral de Navarra,531.03
2022-08,14 Región de Murcia,1097.34
2022-08,13 Comunidad de Madrid,4086.37
2022-08,12 Galicia,2729.79
2022-08,11 Extremadura,1050.45
2022-08,10 Comunitat Valenciana,4582.07
2022-08,09 Cataluña,5868.39
2022-08,08 Castilla - La Mancha,1792.97
2022-08,07 Castilla y León,2773.31
2022-08,06 Cantabria,583.1
2022-08,05 Canarias,1551.07
2022-08,04 Illes Balears,865.17
2022-08,03 Principado de Asturias,1133.54
2022-08,02 Aragón,1346.76
2022-08,01 Andalucía,6336.69
2022-07,19 Melilla,32.6
2022-07,18 Ceuta,61.81
2022-07,17 La Rioja,333.9
2022-07,16 País Vasco,2264.5
2022-07,15 Comunidad Foral de Navarra,669.91
2022-07,14 Región de Murcia,1243.72
2022-07,13 Comunidad de Madrid,5207.83
2022-07,12 Galicia,3440.41
2022-07,11 Extremadura,1249.55
2022-07,10 Comunitat Valenciana,4670.82
2022-07,09 Cataluña,6471.27
2022-07,08 Castilla - La Mancha,2206.05
2022-07,07 Castilla y León,3429.36
2022-07,06 Cantabria,693.51
2022-07,05 Canarias,1684.13
2022-07,04 Illes Balears,860.12
2022-07,03 Principado de Asturias,1352.65
2022-07,02 Aragón,1518.96
2022-07,01 Andalucía,7405.63
2022-06,19 Melilla,38.73
2022-06,18 Ceuta,53.66
2022-06,17 La Rioja,275.63
2022-06,16 País Vasco,1862.9
2022-06,15 Comunidad Foral de Navarra,487.09
2022-06,14 Región de Murcia,1059.48
2022-06,13 Comunidad de Madrid,4436.98
2022-06,12 Galicia,2545.19
2022-06,11 Extremadura,1032.62
2022-06,10 Comunitat Valenciana,3881.48
2022-06,09 Cataluña,5634.8
2022-06,08 Castilla - La Mancha,1789.72
2022-06,07 Castilla y León,2587.7
2022-06,06 Cantabria,480.51
2022-06,05 Canarias,1462.95
2022-06,04 Illes Balears,795.19
2022-06,03 Principado de Asturias,1023.01
2022-06,02 Aragón,1324.32
2022-06,01 Andalucía,6391.06
2022-05,19 Melilla,35.66
2022-05,18 Ceuta,37.45
2022-05,17 La Rioja,282.12
2022-05,16 País Vasco,1911.67
2022-05,15 Comunidad Foral de Navarra,508.56
2022-05,14 Región de Murcia,1158.78
2022-05,13 Comunidad de Madrid,3949.41
2022-05,12 Galicia,2971.1
2022-05,11 Extremadura,1064.71
2022-05,10 Comunitat Valenciana,4104.55
2022-05,09 Cataluña,5562.19
2022-05,08 Castilla - La Mancha,1733.01
2022-05,07 Castilla y León,2573.72
2022-05,06 Cantabria,589.64
2022-05,05 Canarias,1570.66
2022-05,04 Illes Balears,739.44
2022-05,03 Principado de Asturias,1120.49
2022-05,02 Aragón,1330.75
2022-05,01 Andalucía,6902
2022-04,19 Melilla,39.73
2022-04,18 Ceuta,45.58
2022-04,17 La Rioja,249.75
2022-04,16 País Vasco,1936.65
2022-04,15 Comunidad Foral de Navarra,457.51
2022-04,14 Región de Murcia,1058.45
2022-04,13 Comunidad de Madrid,3785.71
2022-04,12 Galicia,2918.67
2022-04,11 Extremadura,994.88
2022-04,10 Comunitat Valenciana,3996.6
2022-04,09 Cataluña,5468.55
2022-04,08 Castilla - La Mancha,1697.92
2022-04,07 Castilla y León,2485.81
2022-04,06 Cantabria,551.96
2022-04,05 Canarias,1531.49
2022-04,04 Illes Balears,725.22
2022-04,03 Principado de Asturias,1225.04
2022-04,02 Aragón,1235.87
2022-04,01 Andalucía,6566.8
2022-03,19 Melilla,28.54
2022-03,18 Ceuta,38.49
2022-03,17 La Rioja,283.41
2022-03,16 País Vasco,1996.5
2022-03,15 Comunidad Foral de Navarra,534.08
2022-03,14 Región de Murcia,1093.26
2022-03,13 Comunidad de Madrid,4120.02
2022-03,12 Galicia,3065.1
2022-03,11 Extremadura,1046.81
2022-03,10 Comunitat Valenciana,4077.24
2022-03,09 Cataluña,5667.77
2022-03,08 Castilla - La Mancha,1553.02
2022-03,07 Castilla y León,2500.71
2022-03,06 Cantabria,580.52
2022-03,05 Canarias,1713.4
2022-03,04 Illes Balears,842.88
2022-03,03 Principado de Asturias,1124.52
2022-03,02 Aragón,1331.8
2022-03,01 Andalucía,6618.11
2022-02,19 Melilla,40.76
2022-02,18 Ceuta,40.53
2022-02,17 La Rioja,254.92
2022-02,16 País Vasco,2023.19
2022-02,15 Comunidad Foral de Navarra,518.76
2022-02,14 Región de Murcia,1114.75
2022-02,13 Comunidad de Madrid,4111.88
2022-02,12 Galicia,2937.64
2022-02,11 Extremadura,1020.03
2022-02,10 Comunitat Valenciana,4348.87
2022-02,09 Cataluña,6043.27
2022-02,08 Castilla - La Mancha,1697.42
2022-02,07 Castilla y León,2546.71
2022-02,06 Cantabria,597.39
2022-02,05 Canarias,1601.2
2022-02,04 Illes Balears,823.6
2022-02,03 Principado de Asturias,1196.9
2022-02,02 Aragón,1395.65
2022-02,01 Andalucía,6750.78
2022-01,19 Melilla,49.91
2022-01,18 Ceuta,56.71
2022-01,17 La Rioja,363.64
2022-01,16 País Vasco,2364.98
2022-01,15 Comunidad Foral de Navarra,665.82
2022-01,14 Región de Murcia,1344.05
2022-01,13 Comunidad de Madrid,5385.43
2022-01,12 Galicia,3188.64
2022-01,11 Extremadura,1228.6
2022-01,10 Comunitat Valenciana,5016.12
2022-01,09 Cataluña,7458.12
2022-01,08 Castilla - La Mancha,2036.59
2022-01,07 Castilla y León,3145.17
2022-01,06 Cantabria,694.8
2022-01,05 Canarias,2028.88
2022-01,04 Illes Balears,957.49
2022-01,03 Principado de Asturias,1363.72
2022-01,02 Aragón,1676.62
2022-01,01 Andalucía,8272.61
2021-12,19 Melilla,48.92
2021-12,18 Ceuta,60.76
2021-12,17 La Rioja,336.47
2021-12,16 País Vasco,2257.41
2021-12,15 Comunidad Foral de Navarra,579.04
2021-12,14 Región de Murcia,1277.51
2021-12,13 Comunidad de Madrid,4474.1
2021-12,12 Galicia,3078.14
2021-12,11 Extremadura,1139.03
2021-12,10 Comunitat Valenciana,4656.85
2021-12,09 Cataluña,6609.52
2021-12,08 Castilla - La Mancha,1778.64
2021-12,07 Castilla y León,2724.6
2021-12,06 Cantabria,577.93
2021-12,05 Canarias,1697.1
2021-12,04 Illes Balears,882.43
2021-12,03 Principado de Asturias,1326.51
2021-12,02 Aragón,1441.18
2021-12,01 Andalucía,7430.52
2021-11,19 Melilla,34.64
2021-11,18 Ceuta,49.65
2021-11,17 La Rioja,275.64
2021-11,16 País Vasco,1958.22
2021-11,15 Comunidad Foral de Navarra,510.6
2021-11,14 Región de Murcia,953.02
2021-11,13 Comunidad de Madrid,4035.27
2021-11,12 Galicia,2847.29
2021-11,11 Extremadura,977.55
2021-11,10 Comunitat Valenciana,4141.94
2021-11,09 Cataluña,5693.17
2021-11,08 Castilla - La Mancha,1663.1
2021-11,07 Castilla y León,2394.23
2021-11,06 Cantabria,505.17
2021-11,05 Canarias,1530.5
2021-11,04 Illes Balears,717.08
2021-11,03 Principado de Asturias,1123.51
2021-11,02 Aragón,1256.42
2021-11,01 Andalucía,6411.82
2021-10,19 Melilla,44.84
2021-10,18 Ceuta,42.51
2021-10,17 La Rioja,274.35
2021-10,16 País Vasco,1873.87
2021-10,15 Comunidad Foral de Navarra,520.83
2021-10,14 Región de Murcia,938.71
2021-10,13 Comunidad de Madrid,3761.32
2021-10,12 Galicia,2527.77
2021-10,11 Extremadura,909.62
2021-10,10 Comunitat Valenciana,3594.84
2021-10,09 Cataluña,5295.23
2021-10,08 Castilla - La Mancha,1549.64
2021-10,07 Castilla y León,2428.12
2021-10,06 Cantabria,511.68
2021-10,05 Canarias,1383.76
2021-10,04 Illes Balears,709.97
2021-10,03 Principado de Asturias,1113.46
2021-10,02 Aragón,1262.89
2021-10,01 Andalucía,5978.53
2021-09,19 Melilla,33.62
2021-09,18 Ceuta,46.6
2021-09,17 La Rioja,230.35
2021-09,16 País Vasco,1788.34
2021-09,15 Comunidad Foral de Navarra,406.46
2021-09,14 Región de Murcia,918.2
2021-09,13 Comunidad de Madrid,3619.68
2021-09,12 Galicia,2463.7
2021-09,11 Extremadura,939.04
2021-09,10 Comunitat Valenciana,3478.74
2021-09,09 Cataluña,4868.58
2021-09,08 Castilla - La Mancha,1477.86
2021-09,07 Castilla y León,2224.59
2021-09,06 Cantabria,514.31
2021-09,05 Canarias,1406.68
2021-09,04 Illes Balears,701.9
2021-09,03 Principado de Asturias,964.73
2021-09,02 Aragón,1127.54
2021-09,01 Andalucía,5741.18
2021-08,19 Melilla,36.69
2021-08,18 Ceuta,50.64
2021-08,17 La Rioja,289.85
2021-08,16 País Vasco,1875.03
2021-08,15 Comunidad Foral de Navarra,527.98
2021-08,14 Región de Murcia,1030.8
2021-08,13 Comunidad de Madrid,4275.6
2021-08,12 Galicia,2662.93
2021-08,11 Extremadura,1037.59
2021-08,10 Comunitat Valenciana,4050.11
2021-08,09 Cataluña,5721.39
2021-08,08 Castilla - La Mancha,1862.42
2021-08,07 Castilla y León,2645.98
2021-08,06 Cantabria,481.81
2021-08,05 Canarias,1570.18
2021-08,04 Illes Balears,798.24
2021-08,03 Principado de Asturias,1042.12
2021-08,02 Aragón,1269.73
2021-08,01 Andalucía,6968.3
2021-07,19 Melilla,38.73
2021-07,18 Ceuta,48.61
2021-07,17 La Rioja,271.76
2021-07,16 País Vasco,1747.1
2021-07,15 Comunidad Foral de Navarra,441.18
2021-07,14 Región de Murcia,960.19
2021-07,13 Comunidad de Madrid,3740.45
2021-07,12 Galicia,2595.43
2021-07,11 Extremadura,940.78
2021-07,10 Comunitat Valenciana,3827.02
2021-07,09 Cataluña,5553.95
2021-07,08 Castilla - La Mancha,1714.84
2021-07,07 Castilla y León,2393.17
2021-07,06 Cantabria,489.6
2021-07,05 Canarias,1357.81
2021-07,04 Illes Balears,685.64
2021-07,03 Principado de Asturias,973.78
2021-07,02 Aragón,1248.2
2021-07,01 Andalucía,6281.83
2021-06,19 Melilla,35.67
2021-06,18 Ceuta,42.55
2021-06,17 La Rioja,270.47
2021-06,16 País Vasco,1746.33
2021-06,15 Comunidad Foral de Navarra,418.69
2021-06,14 Región de Murcia,936.63
2021-06,13 Comunidad de Madrid,3577.9
2021-06,12 Galicia,2473.88
2021-06,11 Extremadura,837.52
2021-06,10 Comunitat Valenciana,3409.07
2021-06,09 Cataluña,5180.4
2021-06,08 Castilla - La Mancha,1522.89
2021-06,07 Castilla y León,2025.21
2021-06,06 Cantabria,440.24
2021-06,05 Canarias,1287.16
2021-06,04 Illes Balears,661.34
2021-06,03 Principado de Asturias,967.74
2021-06,02 Aragón,1082.06
2021-06,01 Andalucía,5582.29
2021-05,19 Melilla,39.76
2021-05,18 Ceuta,56.73
2021-05,17 La Rioja,236.82
2021-05,16 País Vasco,1844.13
2021-05,15 Comunidad Foral de Navarra,460.57
2021-05,14 Región de Murcia,941.75
2021-05,13 Comunidad de Madrid,3954.02
2021-05,12 Galicia,2586.26
2021-05,11 Extremadura,838.59
2021-05,10 Comunitat Valenciana,3501.97
2021-05,09 Cataluña,5288
2021-05,08 Castilla - La Mancha,1567.47
2021-05,07 Castilla y León,2213.89
2021-05,06 Cantabria,454.54
2021-05,05 Canarias,1302.95
2021-05,04 Illes Balears,642.05
2021-05,03 Principado de Asturias,1035.07
2021-05,02 Aragón,1167.47
2021-05,01 Andalucía,6073.78
2021-04,19 Melilla,56.01
2021-04,18 Ceuta,41.55
2021-04,17 La Rioja,266.56
2021-04,16 País Vasco,1826.21
2021-04,15 Comunidad Foral de Navarra,490.18
2021-04,14 Región de Murcia,917.17
2021-04,13 Comunidad de Madrid,4029.52
2021-04,12 Galicia,2622.57
2021-04,11 Extremadura,883.05
2021-04,10 Comunitat Valenciana,3422.23
2021-04,09 Cataluña,5454.09
2021-04,08 Castilla - La Mancha,1462.64
2021-04,07 Castilla y León,2342.43
2021-04,06 Cantabria,483.15
2021-04,05 Canarias,1428.54
2021-04,04 Illes Balears,652.17
2021-04,03 Principado de Asturias,1047.14
2021-04,02 Aragón,1251.78
2021-04,01 Andalucía,5971.32
2021-03,19 Melilla,36.69
2021-03,18 Ceuta,61.79
2021-03,17 La Rioja,289.88
2021-03,16 País Vasco,1811.86
2021-03,15 Comunidad Foral de Navarra,483.04
2021-03,14 Región de Murcia,1004.19
2021-03,13 Comunidad de Madrid,4394.03
2021-03,12 Galicia,2801.85
2021-03,11 Extremadura,925.81
2021-03,10 Comunitat Valenciana,3818.85
2021-03,09 Cataluña,5691.78
2021-03,08 Castilla - La Mancha,1558.57
2021-03,07 Castilla y León,2296.46
2021-03,06 Cantabria,490.91
2021-03,05 Canarias,1485.07
2021-03,04 Illes Balears,718.11
2021-03,03 Principado de Asturias,1160.68
2021-03,02 Aragón,1251.23
2021-03,01 Andalucía,6718.17
2021-02,19 Melilla,59.08
2021-02,18 Ceuta,60.77
2021-02,17 La Rioja,302.82
2021-02,16 País Vasco,1919.62
2021-02,15 Comunidad Foral de Navarra,463.64
2021-02,14 Región de Murcia,1149.53
2021-02,13 Comunidad de Madrid,4726.03
2021-02,12 Galicia,2787.4
2021-02,11 Extremadura,1107.66
2021-02,10 Comunitat Valenciana,4864.78
2021-02,09 Cataluña,5948.91
2021-02,08 Castilla - La Mancha,1870.17
2021-02,07 Castilla y León,2807.41
2021-02,06 Cantabria,476.61
2021-02,05 Canarias,1387.32
2021-02,04 Illes Balears,703.91
2021-02,03 Principado de Asturias,1163.71
2021-02,02 Aragón,1350.05
2021-02,01 Andalucía,7631.18
2021-01,19 Melilla,39.74
2021-01,18 Ceuta,70.91
2021-01,17 La Rioja,372.74
2021-01,16 País Vasco,2224.4
2021-01,15 Comunidad Foral de Navarra,555.56
2021-01,14 Región de Murcia,1663.42
2021-01,13 Comunidad de Madrid,5682.6
2021-01,12 Galicia,3508.46
2021-01,11 Extremadura,1609.64
2021-01,10 Comunitat Valenciana,7539.85
2021-01,09 Cataluña,7801.43
2021-01,08 Castilla - La Mancha,2581.69
2021-01,07 Castilla y León,3218.24
2021-01,06 Cantabria,555.85
2021-01,05 Canarias,1568.34
2021-01,04 Illes Balears,975.78
2021-01,03 Principado de Asturias,1492.33
2021-01,02 Aragón,1588.26
2021-01,01 Andalucía,9235.52
2020-12,19 Melilla,41.78
2020-12,18 Ceuta,44.56
2020-12,17 La Rioja,293.76
2020-12,16 País Vasco,2198.33
2020-12,15 Comunidad Foral de Navarra,563.71
2020-12,14 Región de Murcia,1149.54
2020-12,13 Comunidad de Madrid,4297.65
2020-12,12 Galicia,2938.81
2020-12,11 Extremadura,1098.38
2020-12,10 Comunitat Valenciana,4842.36
2020-12,09 Cataluña,6799.96
2020-12,08 Castilla - La Mancha,1862.81
2020-12,07 Castilla y León,3064.01
2020-12,06 Cantabria,644.12
2020-12,05 Canarias,1480.64
2020-12,04 Illes Balears,837.81
2020-12,03 Principado de Asturias,1405.94
2020-12,02 Aragón,1515.14
2020-12,01 Andalucía,7189.72
2020-11,19 Melilla,67.19
2020-11,18 Ceuta,71.9
2020-11,17 La Rioja,330.01
2020-11,16 País Vasco,2138.08
2020-11,15 Comunidad Foral de Navarra,587.21
2020-11,14 Región de Murcia,1139.29
2020-11,13 Comunidad de Madrid,4308.11
2020-11,12 Galicia,2776.11
2020-11,11 Extremadura,1108.2
2020-11,10 Comunitat Valenciana,4150.92
2020-11,09 Cataluña,6744.45
2020-11,08 Castilla - La Mancha,1938.08
2020-11,07 Castilla y León,3465.67
2020-11,06 Cantabria,545.45
2020-11,05 Canarias,1328.7
2020-11,04 Illes Balears,688.69
2020-11,03 Principado de Asturias,1700.35
2020-11,02 Aragón,1936.29
2020-11,01 Andalucía,7895.75
2020-10,19 Melilla,61.11
2020-10,18 Ceuta,61.8
2020-10,17 La Rioja,352.01
2020-10,16 País Vasco,1942.76
2020-10,15 Comunidad Foral de Navarra,589.21
2020-10,14 Región de Murcia,1036.94
2020-10,13 Comunidad de Madrid,4958.2
2020-10,12 Galicia,2810.1
2020-10,11 Extremadura,1110.74
2020-10,10 Comunitat Valenciana,3941.03
2020-10,09 Cataluña,6138.28
2020-10,08 Castilla - La Mancha,1952.1
2020-10,07 Castilla y León,3075.22
2020-10,06 Cantabria,506.5
2020-10,05 Canarias,1335.93
2020-10,04 Illes Balears,721.15
2020-10,03 Principado de Asturias,1171.77
2020-10,02 Aragón,1497.92
2020-10,01 Andalucía,6982.93
2020-09,19 Melilla,37.71
2020-09,18 Ceuta,46.6
2020-09,17 La Rioja,315.76
2020-09,16 País Vasco,1822.61
2020-09,15 Comunidad Foral de Navarra,492.22
2020-09,14 Región de Murcia,1010.31
2020-09,13 Comunidad de Madrid,4558.83
2020-09,12 Galicia,2488.56
2020-09,11 Extremadura,869.83
2020-09,10 Comunitat Valenciana,3626.07
2020-09,09 Cataluña,4941.1
2020-09,08 Castilla - La Mancha,1641.05
2020-09,07 Castilla y León,2432.79
2020-09,06 Cantabria,468.82
2020-09,05 Canarias,1380.35
2020-09,04 Illes Balears,681.61
2020-09,03 Principado de Asturias,993.87
2020-09,02 Aragón,1388.53
2020-09,01 Andalucía,5841.75
2020-08,19 Melilla,56.01
2020-08,18 Ceuta,43.55
2020-08,17 La Rioja,258.76
2020-08,16 País Vasco,1833.69
2020-08,15 Comunidad Foral de Navarra,468.76
2020-08,14 Región de Murcia,978.59
2020-08,13 Comunidad de Madrid,3840.25
2020-08,12 Galicia,2538.24
2020-08,11 Extremadura,992.48
2020-08,10 Comunitat Valenciana,4098.41
2020-08,09 Cataluña,5479.83
2020-08,08 Castilla - La Mancha,1666.14
2020-08,07 Castilla y León,2516.85
2020-08,06 Cantabria,527.26
2020-08,05 Canarias,1405.19
2020-08,04 Illes Balears,775.9
2020-08,03 Principado de Asturias,1100.38
2020-08,02 Aragón,1535.92
2020-08,01 Andalucía,6136.95
2020-07,19 Melilla,39.71
2020-07,18 Ceuta,46.59
2020-07,17 La Rioja,223.85
2020-07,16 País Vasco,1641.33
2020-07,15 Comunidad Foral de Navarra,440.12
2020-07,14 Región de Murcia,957.1
2020-07,13 Comunidad de Madrid,3869.29
2020-07,12 Galicia,2565.53
2020-07,11 Extremadura,1044.63
2020-07,10 Comunitat Valenciana,3801.78
2020-07,09 Cataluña,5154.68
2020-07,08 Castilla - La Mancha,1789.77
2020-07,07 Castilla y León,2576.82
2020-07,06 Cantabria,496.12
2020-07,05 Canarias,1213.06
2020-07,04 Illes Balears,664.35
2020-07,03 Principado de Asturias,983.83
2020-07,02 Aragón,1262.43
2020-07,01 Andalucía,6199.66
2020-06,19 Melilla,31.61
2020-06,18 Ceuta,42.58
2020-06,17 La Rioja,230.32
2020-06,16 País Vasco,1541.55
2020-06,15 Comunidad Foral de Navarra,408.5
2020-06,14 Región de Murcia,865.98
2020-06,13 Comunidad de Madrid,3483.86
2020-06,12 Galicia,2170.83
2020-06,11 Extremadura,871.2
2020-06,10 Comunitat Valenciana,3382.78
2020-06,09 Cataluña,4630.69
2020-06,08 Castilla - La Mancha,1423.47
2020-06,07 Castilla y León,2253.93
2020-06,06 Cantabria,457.12
2020-06,05 Canarias,1235.05
2020-06,04 Illes Balears,595.39
2020-06,03 Principado de Asturias,1009.96
2020-06,02 Aragón,1033.46
2020-06,01 Andalucía,5294.06
2020-05,19 Melilla,34.67
2020-05,18 Ceuta,37.48
2020-05,17 La Rioja,278.2
2020-05,16 País Vasco,1752.58
2020-05,15 Comunidad Foral de Navarra,456.47
2020-05,14 Región de Murcia,929.5
2020-05,13 Comunidad de Madrid,4276.75
2020-05,12 Galicia,2476.65
2020-05,11 Extremadura,1021.75
2020-05,10 Comunitat Valenciana,3635.22
2020-05,09 Cataluña,5719.97
2020-05,08 Castilla - La Mancha,1717.43
2020-05,07 Castilla y León,2514.25
2020-05,06 Cantabria,462.37
2020-05,05 Canarias,1318.4
2020-05,04 Illes Balears,640.02
2020-05,03 Principado de Asturias,1099.42
2020-05,02 Aragón,1190.4
2020-05,01 Andalucía,5786.58
2020-04,19 Melilla,39.76
2020-04,18 Ceuta,51.66
2020-04,17 La Rioja,461.98
2020-04,16 País Vasco,2742.61
2020-04,15 Comunidad Foral de Navarra,883.37
2020-04,14 Región de Murcia,1012.39
2020-04,13 Comunidad de Madrid,11592.73
2020-04,12 Galicia,3015.18
2020-04,11 Extremadura,1407.66
2020-04,10 Comunitat Valenciana,4571.97
2020-04,09 Cataluña,12515.69
2020-04,08 Castilla - La Mancha,4424.02
2020-04,07 Castilla y León,5123.5
2020-04,06 Cantabria,714.3
2020-04,05 Canarias,1383.07
2020-04,04 Illes Balears,768.81
2020-04,03 Principado de Asturias,1337.59
2020-04,02 Aragón,2038.26
2020-04,01 Andalucía,6735.17
2020-03,19 Melilla,56.02
2020-03,18 Ceuta,59.78
2020-03,17 La Rioja,425.75
2020-03,16 País Vasco,2536.41
2020-03,15 Comunidad Foral de Navarra,803.74
2020-03,14 Región de Murcia,1084.04
2020-03,13 Comunidad de Madrid,12794.29
2020-03,12 Galicia,3053.58
2020-03,11 Extremadura,1302.81
2020-03,10 Comunitat Valenciana,4786.09
2020-03,09 Cataluña,10091.05
2020-03,08 Castilla - La Mancha,4287.18
2020-03,07 Castilla y León,4311.83
2020-03,06 Cantabria,606.5
2020-03,05 Canarias,1562.29
2020-03,04 Illes Balears,832.75
2020-03,03 Principado de Asturias,1298.39
2020-03,02 Aragón,1673.46
2020-03,01 Andalucía,7188.82
2020-02,19 Melilla,53.98
2020-02,18 Ceuta,70.91
2020-02,17 La Rioja,247.17
2020-02,16 País Vasco,1837.58
2020-02,15 Comunidad Foral de Navarra,511.64
2020-02,14 Región de Murcia,1037
2020-02,13 Comunidad de Madrid,4020.2
2020-02,12 Galicia,2846.87
2020-02,11 Extremadura,998.09
2020-02,10 Comunitat Valenciana,3933.94
2020-02,09 Cataluña,5591.98
2020-02,08 Castilla - La Mancha,1678.34
2020-02,07 Castilla y León,2434.87
2020-02,06 Cantabria,516.89
2020-02,05 Canarias,1601.76
2020-02,04 Illes Balears,726.21
2020-02,03 Principado de Asturias,1100.4
2020-02,02 Aragón,1256.09
2020-02,01 Andalucía,6441.25
2020-01,19 Melilla,50.96
2020-01,18 Ceuta,63.81
2020-01,17 La Rioja,318.33
2020-01,16 País Vasco,2123.7
2020-01,15 Comunidad Foral de Navarra,588.22
2020-01,14 Región de Murcia,1226.31
2020-01,13 Comunidad de Madrid,4785.2
2020-01,12 Galicia,3361.74
2020-01,11 Extremadura,1233.25
2020-01,10 Comunitat Valenciana,4619.41
2020-01,09 Cataluña,6510.35
2020-01,08 Castilla - La Mancha,1953.82
2020-01,07 Castilla y León,2870.9
2020-01,06 Cantabria,637.65
2020-01,05 Canarias,1744.81
2020-01,04 Illes Balears,784.05
2020-01,03 Principado de Asturias,1415.95
2020-01,02 Aragón,1529.45
2020-01,01 Andalucía,7753.13
2019-12,19 Melilla,40.95
2019-12,18 Ceuta,54.08
2019-12,17 La Rioja,300.97
2019-12,16 País Vasco,1953.68
2019-12,15 Comunidad Foral de Navarra,505.6
2019-12,14 Región de Murcia,1022.57
2019-12,13 Comunidad de Madrid,4206.17
2019-12,12 Galicia,2852.21
2019-12,11 Extremadura,1002.3
2019-12,10 Comunitat Valenciana,3896.29
2019-12,09 Cataluña,5833.53
2019-12,08 Castilla - La Mancha,1662.37
2019-12,07 Castilla y León,2508.36
2019-12,06 Cantabria,497.41
2019-12,05 Canarias,1528.68
2019-12,04 Illes Balears,709.01
2019-12,03 Principado de Asturias,1177.04
2019-12,02 Aragón,1163.3
2019-12,01 Andalucía,6467.96
2019-11,19 Melilla,50.4
2019-11,18 Ceuta,48.88
2019-11,17 La Rioja,264.65
2019-11,16 País Vasco,1827.71
2019-11,15 Comunidad Foral de Navarra,476.89
2019-11,14 Región de Murcia,972.28
2019-11,13 Comunidad de Madrid,3807.24
2019-11,12 Galicia,2729.39
2019-11,11 Extremadura,866.18
2019-11,10 Comunitat Valenciana,3815.36
2019-11,09 Cataluña,5677.37
2019-11,08 Castilla - La Mancha,1595.76
2019-11,07 Castilla y León,2378.47
2019-11,06 Cantabria,507.52
2019-11,05 Canarias,1324.59
2019-11,04 Illes Balears,666.06
2019-11,03 Principado de Asturias,1124.57
2019-11,02 Aragón,1159.21
2019-11,01 Andalucía,5967.3
2019-10,19 Melilla,48.3
2019-10,18 Ceuta,35.36
2019-10,17 La Rioja,229.63
2019-10,16 País Vasco,1728.51
2019-10,15 Comunidad Foral de Navarra,464.59
2019-10,14 Región de Murcia,857.28
2019-10,13 Comunidad de Madrid,3904.07
2019-10,12 Galicia,2485.85
2019-10,11 Extremadura,903.49
2019-10,10 Comunitat Valenciana,3535.39
2019-10,09 Cataluña,5092.24
2019-10,08 Castilla - La Mancha,1500.47
2019-10,07 Castilla y León,2255.72
2019-10,06 Cantabria,470.81
2019-10,05 Canarias,1289.35
2019-10,04 Illes Balears,647.62
2019-10,03 Principado de Asturias,1009.48
2019-10,02 Aragón,1116.98
2019-10,01 Andalucía,5683.83
2019-09,19 Melilla,44.1
2019-09,18 Ceuta,43.68
2019-09,17 La Rioja,227.04
2019-09,16 País Vasco,1552.64
2019-09,15 Comunidad Foral de Navarra,398.95
2019-09,14 Región de Murcia,817.23
2019-09,13 Comunidad de Madrid,3280.3
2019-09,12 Galicia,2406.85
2019-09,11 Extremadura,783.21
2019-09,10 Comunitat Valenciana,3347.06
2019-09,09 Cataluña,4592.99
2019-09,08 Castilla - La Mancha,1402.76
2019-09,07 Castilla y León,2049.52
2019-09,06 Cantabria,461.94
2019-09,05 Canarias,1197.31
2019-09,04 Illes Balears,623.09
2019-09,03 Principado de Asturias,986.24
2019-09,02 Aragón,940.02
2019-09,01 Andalucía,5153.24
2019-08,19 Melilla,39.9
2019-08,18 Ceuta,43.68
2019-08,17 La Rioja,211.44
2019-08,16 País Vasco,1602.59
2019-08,15 Comunidad Foral de Navarra,442.04
2019-08,14 Región de Murcia,921.94
2019-08,13 Comunidad de Madrid,3396.77
2019-08,12 Galicia,2389.56
2019-08,11 Extremadura,827.37
2019-08,10 Comunitat Valenciana,3529.56
2019-08,09 Cataluña,4963.35
2019-08,08 Castilla - La Mancha,1520.3
2019-08,07 Castilla y León,2246.23
2019-08,06 Cantabria,496.11
2019-08,05 Canarias,1253.39
2019-08,04 Illes Balears,635.34
2019-08,03 Principado de Asturias,994.3
2019-08,02 Aragón,1038.81
2019-08,01 Andalucía,5412.13
2019-07,19 Melilla,43.05
2019-07,18 Ceuta,35.36
2019-07,17 La Rioja,275.01
2019-07,16 País Vasco,1694.63
2019-07,15 Comunidad Foral de Navarra,469.71
2019-07,14 Región de Murcia,895.27
2019-07,13 Comunidad de Madrid,3809.55
2019-07,12 Galicia,2489.98
2019-07,11 Extremadura,866.92
2019-07,10 Comunitat Valenciana,3665.81
2019-07,09 Cataluña,5365.72
2019-07,08 Castilla - La Mancha,1711.48
2019-07,07 Castilla y León,2381.56
2019-07,06 Cantabria,493.62
2019-07,05 Canarias,1194.62
2019-07,04 Illes Balears,678.35
2019-07,03 Principado de Asturias,1005.45
2019-07,02 Aragón,1221.07
2019-07,01 Andalucía,5576.76
2019-06,19 Melilla,50.4
2019-06,18 Ceuta,32.24
2019-06,17 La Rioja,269.86
2019-06,16 País Vasco,1543
2019-06,15 Comunidad Foral de Navarra,468.69
2019-06,14 Región de Murcia,893.24
2019-06,13 Comunidad de Madrid,3718.42
2019-06,12 Galicia,2339.8
2019-06,11 Extremadura,854.36
2019-06,10 Comunitat Valenciana,3342.87
2019-06,09 Cataluña,5087.17
2019-06,08 Castilla - La Mancha,1542.39
2019-06,07 Castilla y León,2283.29
2019-06,06 Cantabria,473.34
2019-06,05 Canarias,1237.97
2019-06,04 Illes Balears,651.69
2019-06,03 Principado de Asturias,974.14
2019-06,02 Aragón,1133.13
2019-06,01 Andalucía,5315.71
2019-05,19 Melilla,39.9
2019-05,18 Ceuta,42.64
2019-05,17 La Rioja,271.13
2019-05,16 País Vasco,1712.54
2019-05,15 Comunidad Foral de Navarra,462.53
2019-05,14 Región de Murcia,960.98
2019-05,13 Comunidad de Madrid,3897.17
2019-05,12 Galicia,2497.08
2019-05,11 Extremadura,940.21
2019-05,10 Comunitat Valenciana,3625.74
2019-05,09 Cataluña,5218.46
2019-05,08 Castilla - La Mancha,1647.94
2019-05,07 Castilla y León,2348.46
2019-05,06 Cantabria,529.05
2019-05,05 Canarias,1354.88
2019-05,04 Illes Balears,676.28
2019-05,03 Principado de Asturias,1038.76
2019-05,02 Aragón,1173.05
2019-05,01 Andalucía,5948.85
2019-04,19 Melilla,48.3
2019-04,18 Ceuta,33.28
2019-04,17 La Rioja,277.64
2019-04,16 País Vasco,1757.68
2019-04,15 Comunidad Foral de Navarra,461.49
2019-04,14 Región de Murcia,983.53
2019-04,13 Comunidad de Madrid,3852.16
2019-04,12 Galicia,2700.77
2019-04,11 Extremadura,950.92
2019-04,10 Comunitat Valenciana,3697.66
2019-04,09 Cataluña,5335.93
2019-04,08 Castilla - La Mancha,1509.76
2019-04,07 Castilla y León,2387.18
2019-04,06 Cantabria,521.45
2019-04,05 Canarias,1345.66
2019-04,04 Illes Balears,724.36
2019-04,03 Principado de Asturias,1068.03
2019-04,02 Aragón,1143.74
2019-04,01 Andalucía,5971.58
2019-03,19 Melilla,47.25
2019-03,18 Ceuta,56.17
2019-03,17 La Rioja,264.65
2019-03,16 País Vasco,1801.5
2019-03,15 Comunidad Foral de Navarra,472.77
2019-03,14 Región de Murcia,1030.74
2019-03,13 Comunidad de Madrid,4261.46
2019-03,12 Galicia,2870.45
2019-03,11 Extremadura,1023.2
2019-03,10 Comunitat Valenciana,4112.5
2019-03,09 Cataluña,5712.54
2019-03,08 Castilla - La Mancha,1781.36
2019-03,07 Castilla y León,2556.93
2019-03,06 Cantabria,491.08
2019-03,05 Canarias,1583.84
2019-03,04 Illes Balears,704.93
2019-03,03 Principado de Asturias,1155.85
2019-03,02 Aragón,1271.72
2019-03,01 Andalucía,6409.96
2019-02,19 Melilla,33.6
2019-02,18 Ceuta,45.76
2019-02,17 La Rioja,303.59
2019-02,16 País Vasco,1808.65
2019-02,15 Comunidad Foral de Navarra,474.84
2019-02,14 Región de Murcia,1049.23
2019-02,13 Comunidad de Madrid,4433.31
2019-02,12 Galicia,2765.81
2019-02,11 Extremadura,1028.4
2019-02,10 Comunitat Valenciana,4052.38
2019-02,09 Cataluña,6079.29
2019-02,08 Castilla - La Mancha,1854.48
2019-02,07 Castilla y León,2626.46
2019-02,06 Cantabria,548.04
2019-02,05 Canarias,1504.72
2019-02,04 Illes Balears,760.15
2019-02,03 Principado de Asturias,1146.79
2019-02,02 Aragón,1208.98
2019-02,01 Andalucía,6514.46
2019-01,19 Melilla,59.85
2019-01,18 Ceuta,58.24
2019-01,17 La Rioja,312.64
2019-01,16 País Vasco,2356.48
2019-01,15 Comunidad Foral de Navarra,562.02
2019-01,14 Región de Murcia,1290.53
2019-01,13 Comunidad de Madrid,5081.27
2019-01,12 Galicia,3193.08
2019-01,11 Extremadura,1210.83
2019-01,10 Comunitat Valenciana,4879.85
2019-01,09 Cataluña,7110.06
2019-01,08 Castilla - La Mancha,2177.85
2019-01,07 Castilla y León,3047.93
2019-01,06 Cantabria,689.79
2019-01,05 Canarias,1821.71
2019-01,04 Illes Balears,879.85
2019-01,03 Principado de Asturias,1326.49
2019-01,02 Aragón,1394.95
2019-01,01 Andalucía,7763.39
2018-12,19 Melilla,43.05
2018-12,18 Ceuta,40.56
2018-12,17 La Rioja,286.71
2018-12,16 País Vasco,1904.07
2018-12,15 Comunidad Foral de Navarra,525.06
2018-12,14 Región de Murcia,914.77
2018-12,13 Comunidad de Madrid,4202.69
2018-12,12 Galicia,2778.02
2018-12,11 Extremadura,992.09
2018-12,10 Comunitat Valenciana,4064
2018-12,09 Cataluña,5936.67
2018-12,08 Castilla - La Mancha,1693.07
2018-12,07 Castilla y León,2495.92
2018-12,06 Cantabria,517.68
2018-12,05 Canarias,1431.27
2018-12,04 Illes Balears,760.15
2018-12,03 Principado de Asturias,1138.69
2018-12,02 Aragón,1283.69
2018-12,01 Andalucía,6525.4
2018-11,19 Melilla,46.2
2018-11,18 Ceuta,46.8
2018-11,17 La Rioja,260.77
2018-11,16 País Vasco,1695.7
2018-11,15 Comunidad Foral de Navarra,469.7
2018-11,14 Región de Murcia,865.47
2018-11,13 Comunidad de Madrid,3892.51
2018-11,12 Galicia,2640.05
2018-11,11 Extremadura,900.6
2018-11,10 Comunitat Valenciana,3701.46
2018-11,09 Cataluña,5474.06
2018-11,08 Castilla - La Mancha,1610.03
2018-11,07 Castilla y León,2405.34
2018-11,06 Cantabria,482.24
2018-11,05 Canarias,1390.72
2018-11,04 Illes Balears,660.92
2018-11,03 Principado de Asturias,1083.18
2018-11,02 Aragón,1155.82
2018-11,01 Andalucía,6006.99
2018-10,19 Melilla,55.65
2018-10,18 Ceuta,43.68
2018-10,17 La Rioja,276.33
2018-10,16 País Vasco,1638.98
2018-10,15 Comunidad Foral de Navarra,450.24
2018-10,14 Región de Murcia,884.96
2018-10,13 Comunidad de Madrid,3703.47
2018-10,12 Galicia,2548.87
2018-10,11 Extremadura,828.15
2018-10,10 Comunitat Valenciana,3577.56
2018-10,09 Cataluña,5211.3
2018-10,08 Castilla - La Mancha,1488.2
2018-10,07 Castilla y León,2361.45
2018-10,06 Cantabria,480.97
2018-10,05 Canarias,1263.86
2018-10,04 Illes Balears,741.75
2018-10,03 Principado de Asturias,1039.78
2018-10,02 Aragón,1138.72
2018-10,01 Andalucía,5528.53
2018-09,19 Melilla,39.9
2018-09,18 Ceuta,39.52
2018-09,17 La Rioja,243.9
2018-09,16 País Vasco,1692.09
2018-09,15 Comunidad Foral de Navarra,403.06
2018-09,14 Región de Murcia,776.18
2018-09,13 Comunidad de Madrid,3297.59
2018-09,12 Galicia,2283
2018-09,11 Extremadura,835.74
2018-09,10 Comunitat Valenciana,3248.67
2018-09,09 Cataluña,4790.16
2018-09,08 Castilla - La Mancha,1346.12
2018-09,07 Castilla y León,2046.5
2018-09,06 Cantabria,474.62
2018-09,05 Canarias,1251.83
2018-09,04 Illes Balears,650.71
2018-09,03 Principado de Asturias,942.86
2018-09,02 Aragón,1081.96
2018-09,01 Andalucía,5168.7
2018-08,19 Melilla,51.45
2018-08,18 Ceuta,43.68
2018-08,17 La Rioja,238.73
2018-08,16 País Vasco,1605.3
2018-08,15 Comunidad Foral de Navarra,493.31
2018-08,14 Región de Murcia,895.27
2018-08,13 Comunidad de Madrid,3367.92
2018-08,12 Galicia,2445.3
2018-08,11 Extremadura,859.26
2018-08,10 Comunitat Valenciana,3623.29
2018-08,09 Cataluña,5656.9
2018-08,08 Castilla - La Mancha,1613.06
2018-08,07 Castilla y León,2397.66
2018-08,06 Cantabria,439.17
2018-08,05 Canarias,1286.37
2018-08,04 Illes Balears,633.32
2018-08,03 Principado de Asturias,1014.51
2018-08,02 Aragón,1153.33
2018-08,01 Andalucía,5587.52
2018-07,19 Melilla,42
2018-07,18 Ceuta,40.56
2018-07,17 La Rioja,254.27
2018-07,16 País Vasco,1685.47
2018-07,15 Comunidad Foral de Navarra,467.64
2018-07,14 Región de Murcia,908.6
2018-07,13 Comunidad de Madrid,3388.67
2018-07,12 Galicia,2514.36
2018-07,11 Extremadura,822.24
2018-07,10 Comunitat Valenciana,3684.63
2018-07,09 Cataluña,5164.46
2018-07,08 Castilla - La Mancha,1482.41
2018-07,07 Castilla y León,2217.55
2018-07,06 Cantabria,456.89
2018-07,05 Canarias,1240.59
2018-07,04 Illes Balears,632.28
2018-07,03 Principado de Asturias,1027.66
2018-07,02 Aragón,1124.23
2018-07,01 Andalucía,5334.15
2018-06,19 Melilla,48.3
2018-06,18 Ceuta,39.52
2018-06,17 La Rioja,215.37
2018-06,16 País Vasco,1536.6
2018-06,15 Comunidad Foral de Navarra,485.09
2018-06,14 Región de Murcia,846.99
2018-06,13 Comunidad de Madrid,3718.46
2018-06,12 Galicia,2470.7
2018-06,11 Extremadura,872.83
2018-06,10 Comunitat Valenciana,3389.99
2018-06,09 Cataluña,4954.76
2018-06,08 Castilla - La Mancha,1543.54
2018-06,07 Castilla y León,2204.02
2018-06,06 Cantabria,435.38
2018-06,05 Canarias,1276.47
2018-06,04 Illes Balears,637.4
2018-06,03 Principado de Asturias,1024.63
2018-06,02 Aragón,1086.55
2018-06,01 Andalucía,5499.46
2018-05,19 Melilla,48.3
2018-05,18 Ceuta,49.93
2018-05,17 La Rioja,269.84
2018-05,16 País Vasco,1700.58
2018-05,15 Comunidad Foral de Navarra,449.17
2018-05,14 Región de Murcia,845.98
2018-05,13 Comunidad de Madrid,3693.06
2018-05,12 Galicia,2602.59
2018-05,11 Extremadura,903.29
2018-05,10 Comunitat Valenciana,3613.75
2018-05,09 Cataluña,5159.6
2018-05,08 Castilla - La Mancha,1563.95
2018-05,07 Castilla y León,2338.08
2018-05,06 Cantabria,480.91
2018-05,05 Canarias,1387.39
2018-05,04 Illes Balears,692.62
2018-05,03 Principado de Asturias,1044.8
2018-05,02 Aragón,1088.16
2018-05,01 Andalucía,5868.32
2018-04,19 Melilla,39.9
2018-04,18 Ceuta,38.48
2018-04,17 La Rioja,290.59
2018-04,16 País Vasco,1749.51
2018-04,15 Comunidad Foral de Navarra,500.5
2018-04,14 Región de Murcia,921.94
2018-04,13 Comunidad de Madrid,3879.83
2018-04,12 Galicia,2746.88
2018-04,11 Extremadura,969.31
2018-04,10 Comunitat Valenciana,3748.94
2018-04,09 Cataluña,5479.14
2018-04,08 Castilla - La Mancha,1583.29
2018-04,07 Castilla y León,2521.94
2018-04,06 Cantabria,501.21
2018-04,05 Canarias,1418.65
2018-04,04 Illes Balears,685.48
2018-04,03 Principado de Asturias,1126.59
2018-04,02 Aragón,1175.09
2018-04,01 Andalucía,6079.14
2018-03,19 Melilla,47.25
2018-03,18 Ceuta,54.08
2018-03,17 La Rioja,334.72
2018-03,16 País Vasco,2106.63
2018-03,15 Comunidad Foral de Navarra,547.61
2018-03,14 Región de Murcia,1053.36
2018-03,13 Comunidad de Madrid,4327.23
2018-03,12 Galicia,3221.58
2018-03,11 Extremadura,1121.75
2018-03,10 Comunitat Valenciana,4355.03
2018-03,09 Cataluña,6223.99
2018-03,08 Castilla - La Mancha,1849.78
2018-03,07 Castilla y León,2720.72
2018-03,06 Cantabria,527.79
2018-03,05 Canarias,1630.85
2018-03,04 Illes Balears,845.12
2018-03,03 Principado de Asturias,1221.48
2018-03,02 Aragón,1318.66
2018-03,01 Andalucía,6705.32
2018-02,19 Melilla,58.8
2018-02,18 Ceuta,56.18
2018-02,17 La Rioja,251.68
2018-02,16 País Vasco,1913.88
2018-02,15 Comunidad Foral de Navarra,520.98
2018-02,14 Región de Murcia,1116
2018-02,13 Comunidad de Madrid,4171.58
2018-02,12 Galicia,3071.42
2018-02,11 Extremadura,1046.96
2018-02,10 Comunitat Valenciana,4484.52
2018-02,09 Cataluña,6103.19
2018-02,08 Castilla - La Mancha,1931.98
2018-02,07 Castilla y León,2515.89
2018-02,06 Cantabria,565.73
2018-02,05 Canarias,1801.87
2018-02,04 Illes Balears,773.46
2018-02,03 Principado de Asturias,1186.15
2018-02,02 Aragón,1291.56
2018-02,01 Andalucía,7380.82
2018-01,19 Melilla,52.5
2018-01,18 Ceuta,54.08
2018-01,17 La Rioja,303.6
2018-01,16 País Vasco,2404.05
2018-01,15 Comunidad Foral de Navarra,627.66
2018-01,14 Región de Murcia,1427.06
2018-01,13 Comunidad de Madrid,4995.96
2018-01,12 Galicia,3563.37
2018-01,11 Extremadura,1238.12
2018-01,10 Comunitat Valenciana,5389.68
2018-01,09 Cataluña,7940.55
2018-01,08 Castilla - La Mancha,2185.58
2018-01,07 Castilla y León,2955.71
2018-01,06 Cantabria,710
2018-01,05 Canarias,1853.47
2018-01,04 Illes Balears,898.29
2018-01,03 Principado de Asturias,1507.16
2018-01,02 Aragón,1539.96
2018-01,01 Andalucía,8839.54
2017-12,19 Melilla,44.1
2017-12,18 Ceuta,49.92
2017-12,17 La Rioja,290.61
2017-12,16 País Vasco,2070.13
2017-12,15 Comunidad Foral de Navarra,543.55
2017-12,14 Región de Murcia,1235.11
2017-12,13 Comunidad de Madrid,4613.16
2017-12,12 Galicia,3120.27
2017-12,11 Extremadura,1103.76
2017-12,10 Comunitat Valenciana,4648.72
2017-12,09 Cataluña,6875.41
2017-12,08 Castilla - La Mancha,2066.56
2017-12,07 Castilla y León,2512.65
2017-12,06 Cantabria,556.87
2017-12,05 Canarias,1512.51
2017-12,04 Illes Balears,823.61
2017-12,03 Principado de Asturias,1340.61
2017-12,02 Aragón,1327.18
2017-12,01 Andalucía,7384.04
2017-11,19 Melilla,38.85
2017-11,18 Ceuta,42.64
2017-11,17 La Rioja,262.06
2017-11,16 País Vasco,1843.51
2017-11,15 Comunidad Foral de Navarra,484.06
2017-11,14 Región de Murcia,890.1
2017-11,13 Comunidad de Madrid,3856.8
2017-11,12 Galicia,2592.54
2017-11,11 Extremadura,924.91
2017-11,10 Comunitat Valenciana,3766.42
2017-11,09 Cataluña,5571.57
2017-11,08 Castilla - La Mancha,1635.55
2017-11,07 Castilla y León,2287.91
2017-11,06 Cantabria,489.8
2017-11,05 Canarias,1232.33
2017-11,04 Illes Balears,693.69
2017-11,03 Principado de Asturias,1047.82
2017-11,02 Aragón,1185.43
2017-11,01 Andalucía,5758.12
2017-10,19 Melilla,31.5
2017-10,18 Ceuta,49.92
2017-10,17 La Rioja,229.6
2017-10,16 País Vasco,1700.85
2017-10,15 Comunidad Foral de Navarra,461.51
2017-10,14 Región de Murcia,905.52
2017-10,13 Comunidad de Madrid,3825.68
2017-10,12 Galicia,2539.78
2017-10,11 Extremadura,893.79
2017-10,10 Comunitat Valenciana,3504.09
2017-10,09 Cataluña,5248.75
2017-10,08 Castilla - La Mancha,1504.29
2017-10,07 Castilla y León,2225.94
2017-10,06 Cantabria,503.72
2017-10,05 Canarias,1266.43
2017-10,04 Illes Balears,616.94
2017-10,03 Principado de Asturias,1015.52
2017-10,02 Aragón,1113.26
2017-10,01 Andalucía,5448.48
2017-09,19 Melilla,33.6
2017-09,18 Ceuta,42.64
2017-09,17 La Rioja,232.22
2017-09,16 País Vasco,1520.12
2017-09,15 Comunidad Foral de Navarra,442.02
2017-09,14 Región de Murcia,828.52
2017-09,13 Comunidad de Madrid,3378.3
2017-09,12 Galicia,2334.81
2017-09,11 Extremadura,746.11
2017-09,10 Comunitat Valenciana,3300.43
2017-09,09 Cataluña,4728.42
2017-09,08 Castilla - La Mancha,1421.31
2017-09,07 Castilla y León,2042.3
2017-09,06 Cantabria,448.04
2017-09,05 Canarias,1182.4
2017-09,04 Illes Balears,634.35
2017-09,03 Principado de Asturias,944.85
2017-09,02 Aragón,1046.59
2017-09,01 Andalucía,5071.04
2017-08,19 Melilla,51.45
2017-08,18 Ceuta,47.84
2017-08,17 La Rioja,259.42
2017-08,16 País Vasco,1579.32
2017-08,15 Comunidad Foral de Navarra,491.25
2017-08,14 Región de Murcia,897.34
2017-08,13 Comunidad de Madrid,3284.91
2017-08,12 Galicia,2465.82
2017-08,11 Extremadura,878.31
2017-08,10 Comunitat Valenciana,3648.04
2017-08,09 Cataluña,5120.44
2017-08,08 Castilla - La Mancha,1663.36
2017-08,07 Castilla y León,2140.32
2017-08,06 Cantabria,442.97
2017-08,05 Canarias,1240.17
2017-08,04 Illes Balears,718.21
2017-08,03 Principado de Asturias,1030.68
2017-08,02 Aragón,1065.24
2017-08,01 Andalucía,5550.03
2017-07,19 Melilla,45.15
2017-07,18 Ceuta,44.72
2017-07,17 La Rioja,214.03
2017-07,16 País Vasco,1487.94
2017-07,15 Comunidad Foral de Navarra,433.82
2017-07,14 Región de Murcia,920.91
2017-07,13 Comunidad de Madrid,3580.07
2017-07,12 Galicia,2362.16
2017-07,11 Extremadura,803.73
2017-07,10 Comunitat Valenciana,3597.73
2017-07,09 Cataluña,5053.13
2017-07,08 Castilla - La Mancha,1557.19
2017-07,07 Castilla y León,2150.09
2017-07,06 Cantabria,434.12
2017-07,05 Canarias,1220
2017-07,04 Illes Balears,641.5
2017-07,03 Principado de Asturias,985.23
2017-07,02 Aragón,1080.86
2017-07,01 Andalucía,5571.06
2017-06,19 Melilla,45.15
2017-06,18 Ceuta,46.8
2017-06,17 La Rioja,277.64
2017-06,16 País Vasco,1572.12
2017-06,15 Comunidad Foral de Navarra,442.03
2017-06,14 Región de Murcia,879.85
2017-06,13 Comunidad de Madrid,3824.54
2017-06,12 Galicia,2437.11
2017-06,11 Extremadura,870.71
2017-06,10 Comunitat Valenciana,3450.04
2017-06,09 Cataluña,5074.01
2017-06,08 Castilla - La Mancha,1616.58
2017-06,07 Castilla y León,2278.51
2017-06,06 Cantabria,455.67
2017-06,05 Canarias,1214.12
2017-06,04 Illes Balears,691.61
2017-06,03 Principado de Asturias,950.92
2017-06,02 Aragón,1100.66
2017-06,01 Andalucía,5341.46
2017-05,19 Melilla,42
2017-05,18 Ceuta,37.44
2017-05,17 La Rioja,259.45
2017-05,16 País Vasco,1749.99
2017-05,15 Comunidad Foral de Navarra,457.38
2017-05,14 Región de Murcia,903.45
2017-05,13 Comunidad de Madrid,3740.33
2017-05,12 Galicia,2546.88
2017-05,11 Extremadura,941.13
2017-05,10 Comunitat Valenciana,3653.4
2017-05,09 Cataluña,5365.06
2017-05,08 Castilla - La Mancha,1677.6
2017-05,07 Castilla y León,2324.92
2017-05,06 Cantabria,484.75
2017-05,05 Canarias,1247.55
2017-05,04 Illes Balears,753.03
2017-05,03 Principado de Asturias,1041.76
2017-05,02 Aragón,1187.45
2017-05,01 Andalucía,5759.64
2017-04,19 Melilla,39.9
2017-04,18 Ceuta,47.84
2017-04,17 La Rioja,225.73
2017-04,16 País Vasco,1698.49
2017-04,15 Comunidad Foral de Navarra,460.46
2017-04,14 Región de Murcia,871.64
2017-04,13 Comunidad de Madrid,3686.2
2017-04,12 Galicia,2661.39
2017-04,11 Extremadura,910.4
2017-04,10 Comunitat Valenciana,3530.71
2017-04,09 Cataluña,5203.37
2017-04,08 Castilla - La Mancha,1561.64
2017-04,07 Castilla y León,2333.4
2017-04,06 Cantabria,446.78
2017-04,05 Canarias,1312.31
2017-04,04 Illes Balears,698.76
2017-04,03 Principado de Asturias,988.28
2017-04,02 Aragón,1075.09
2017-04,01 Andalucía,5821.54
2017-03,19 Melilla,50.4
2017-03,18 Ceuta,49.92
2017-03,17 La Rioja,259.47
2017-03,16 País Vasco,1772.38
2017-03,15 Comunidad Foral de Navarra,492.27
2017-03,14 Región de Murcia,991.76
2017-03,13 Comunidad de Madrid,3979.01
2017-03,12 Galicia,2835.01
2017-03,11 Extremadura,944.66
2017-03,10 Comunitat Valenciana,3873.68
2017-03,09 Cataluña,5597.02
2017-03,08 Castilla - La Mancha,1644.02
2017-03,07 Castilla y León,2374.77
2017-03,06 Cantabria,510.07
2017-03,05 Canarias,1505.74
2017-03,04 Illes Balears,740.76
2017-03,03 Principado de Asturias,1161.91
2017-03,02 Aragón,1220.28
2017-03,01 Andalucía,6184.04
2017-02,19 Melilla,40.95
2017-02,18 Ceuta,43.68
2017-02,17 La Rioja,254.27
2017-02,16 País Vasco,1794.65
2017-02,15 Comunidad Foral de Navarra,497.39
2017-02,14 Región de Murcia,1047.23
2017-02,13 Comunidad de Madrid,4173.86
2017-02,12 Galicia,2941.69
2017-02,11 Extremadura,1012.55
2017-02,10 Comunitat Valenciana,4159.66
2017-02,09 Cataluña,5745.16
2017-02,08 Castilla - La Mancha,1851.12
2017-02,07 Castilla y León,2474.02
2017-02,06 Cantabria,503.72
2017-02,05 Canarias,1431.27
2017-02,04 Illes Balears,784.75
2017-02,03 Principado de Asturias,1135.66
2017-02,02 Aragón,1315.82
2017-02,01 Andalucía,6595.8
2017-01,19 Melilla,68.25
2017-01,18 Ceuta,52
2017-01,17 La Rioja,367.18
2017-01,16 País Vasco,2727.82
2017-01,15 Comunidad Foral de Navarra,699.45
2017-01,14 Región de Murcia,1267.91
2017-01,13 Comunidad de Madrid,5230.06
2017-01,12 Galicia,3612.1
2017-01,11 Extremadura,1423.81
2017-01,10 Comunitat Valenciana,5217.05
2017-01,09 Cataluña,8121.68
2017-01,08 Castilla - La Mancha,2432.99
2017-01,07 Castilla y León,3419.48
2017-01,06 Cantabria,731.54
2017-01,05 Canarias,1826.54
2017-01,04 Illes Balears,965.84
2017-01,03 Principado de Asturias,1606.09
2017-01,02 Aragón,1809.42
2017-01,01 Andalucía,8374.08
2016-12,19 Melilla,54.6
2016-12,18 Ceuta,58.25
2016-12,17 La Rioja,273.74
2016-12,16 País Vasco,2067.65
2016-12,15 Comunidad Foral de Navarra,524.06
2016-12,14 Región de Murcia,1023.63
2016-12,13 Comunidad de Madrid,4264.94
2016-12,12 Galicia,3035.02
2016-12,11 Extremadura,1001.25
2016-12,10 Comunitat Valenciana,4197.86
2016-12,09 Cataluña,6293.36
2016-12,08 Castilla - La Mancha,1701.75
2016-12,07 Castilla y León,2620.62
2016-12,06 Cantabria,588.5
2016-12,05 Canarias,1631.64
2016-12,04 Illes Balears,733.56
2016-12,03 Principado de Asturias,1468.82
2016-12,02 Aragón,1340.85
2016-12,01 Andalucía,6818.69
2016-11,19 Melilla,36.75
2016-11,18 Ceuta,37.44
2016-11,17 La Rioja,252.98
2016-11,16 País Vasco,1714.08
2016-11,15 Comunidad Foral de Navarra,432.79
2016-11,14 Región de Murcia,904.47
2016-11,13 Comunidad de Madrid,3723.06
2016-11,12 Galicia,2710.27
2016-11,11 Extremadura,843.8
2016-11,10 Comunitat Valenciana,3682.81
2016-11,09 Cataluña,5484.82
2016-11,08 Castilla - La Mancha,1534.66
2016-11,07 Castilla y León,2286.29
2016-11,06 Cantabria,516.38
2016-11,05 Canarias,1310.54
2016-11,04 Illes Balears,673.22
2016-11,03 Principado de Asturias,1109.42
2016-11,02 Aragón,1126.17
2016-11,01 Andalucía,5734.06
2016-10,19 Melilla,46.2
2016-10,18 Ceuta,40.56
2016-10,17 La Rioja,251.67
2016-10,16 País Vasco,1623.26
2016-10,15 Comunidad Foral de Navarra,500.45
2016-10,14 Región de Murcia,863.41
2016-10,13 Comunidad de Madrid,3598.52
2016-10,12 Galicia,2518.58
2016-10,11 Extremadura,883
2016-10,10 Comunitat Valenciana,3370.85
2016-10,09 Cataluña,5142.32
2016-10,08 Castilla - La Mancha,1560.13
2016-10,07 Castilla y León,2278.85
2016-10,06 Cantabria,458.14
2016-10,05 Canarias,1271.74
2016-10,04 Illes Balears,619.99
2016-10,03 Principado de Asturias,1010.49
2016-10,02 Aragón,1082.88
2016-10,01 Andalucía,5286.69
2016-09,19 Melilla,37.8
2016-09,18 Ceuta,30.16
2016-09,17 La Rioja,224.45
2016-09,16 País Vasco,1599.05
2016-09,15 Comunidad Foral de Navarra,414.32
2016-09,14 Región de Murcia,776.16
2016-09,13 Comunidad de Madrid,3342.57
2016-09,12 Galicia,2257.76
2016-09,11 Extremadura,793.37
2016-09,10 Comunitat Valenciana,3195.62
2016-09,09 Cataluña,4823.33
2016-09,08 Castilla - La Mancha,1426.5
2016-09,07 Castilla y León,2066.06
2016-09,06 Cantabria,420.2
2016-09,05 Canarias,1159.33
2016-09,04 Illes Balears,648.65
2016-09,03 Principado de Asturias,929.75
2016-09,02 Aragón,992.87
2016-09,01 Andalucía,5197.94
2016-08,19 Melilla,28.35
2016-08,18 Ceuta,41.6
2016-08,17 La Rioja,203.67
2016-08,16 País Vasco,1679.79
2016-08,15 Comunidad Foral de Navarra,431.74
2016-08,14 Región de Murcia,860.35
2016-08,13 Comunidad de Madrid,3373.67
2016-08,12 Galicia,2452.39
2016-08,11 Extremadura,887.43
2016-08,10 Comunitat Valenciana,3525.45
2016-08,09 Cataluña,4864.82
2016-08,08 Castilla - La Mancha,1589.4
2016-08,07 Castilla y León,2266.52
2016-08,06 Cantabria,478.44
2016-08,05 Canarias,1230.42
2016-08,04 Illes Balears,691.63
2016-08,03 Principado de Asturias,1019.58
2016-08,02 Aragón,1117.18
2016-08,01 Andalucía,5566.72
2016-07,19 Melilla,46.2
2016-07,18 Ceuta,44.72
2016-07,17 La Rioja,252.96
2016-07,16 País Vasco,1668.42
2016-07,15 Comunidad Foral de Navarra,482.03
2016-07,14 Región de Murcia,833.68
2016-07,13 Comunidad de Madrid,3671.17
2016-07,12 Galicia,2598.61
2016-07,11 Extremadura,971.19
2016-07,10 Comunitat Valenciana,3572.29
2016-07,09 Cataluña,4943.16
2016-07,08 Castilla - La Mancha,1610.06
2016-07,07 Castilla y León,2331.35
2016-07,06 Cantabria,494.87
2016-07,05 Canarias,1215.32
2016-07,04 Illes Balears,677.3
2016-07,03 Principado de Asturias,1030.68
2016-07,02 Aragón,1038.21
2016-07,01 Andalucía,5751.16
2016-06,19 Melilla,42
2016-06,18 Ceuta,42.65
2016-06,17 La Rioja,217.94
2016-06,16 País Vasco,1573.59
2016-06,15 Comunidad Foral de Navarra,437.91
2016-06,14 Región de Murcia,843.93
2016-06,13 Comunidad de Madrid,3641.2
2016-06,12 Galicia,2398.65
2016-06,11 Extremadura,857.47
2016-06,10 Comunitat Valenciana,3322.11
2016-06,09 Cataluña,4949.55
2016-06,08 Castilla - La Mancha,1526.62
2016-06,07 Castilla y León,2152.61
2016-06,06 Cantabria,431.61
2016-06,05 Canarias,1203.34
2016-06,04 Illes Balears,672.2
2016-06,03 Principado de Asturias,980.19
2016-06,02 Aragón,1057.73
2016-06,01 Andalucía,5509.3
2016-05,19 Melilla,48.3
2016-05,18 Ceuta,34.32
2016-05,17 La Rioja,263.34
2016-05,16 País Vasco,1698.65
2016-05,15 Comunidad Foral de Navarra,500.47
2016-05,14 Región de Murcia,841.83
2016-05,13 Comunidad de Madrid,3695.36
2016-05,12 Galicia,2637.15
2016-05,11 Extremadura,876.16
2016-05,10 Comunitat Valenciana,3494.4
2016-05,09 Cataluña,5203.69
2016-05,08 Castilla - La Mancha,1582.4
2016-05,07 Castilla y León,2154.3
2016-05,06 Cantabria,436.65
2016-05,05 Canarias,1309.04
2016-05,04 Illes Balears,686.51
2016-05,03 Principado de Asturias,1090.23
2016-05,02 Aragón,1098.81
2016-05,01 Andalucía,5712.29
2016-04,19 Melilla,43.05
2016-04,18 Ceuta,35.36
2016-04,17 La Rioja,262.06
2016-04,16 País Vasco,1735.72
2016-04,15 Comunidad Foral de Navarra,474.84
2016-04,14 Región de Murcia,941.44
2016-04,13 Comunidad de Madrid,3757.62
2016-04,12 Galicia,2712.16
2016-04,11 Extremadura,958.39
2016-04,10 Comunitat Valenciana,3604.71
2016-04,09 Cataluña,5226.54
2016-04,08 Castilla - La Mancha,1628.45
2016-04,07 Castilla y León,2237.28
2016-04,06 Cantabria,479.65
2016-04,05 Canarias,1283.95
2016-04,04 Illes Balears,725.4
2016-04,03 Principado de Asturias,1094.25
2016-04,02 Aragón,1124.99
2016-04,01 Andalucía,5860.04
2016-03,19 Melilla,46.2
2016-03,18 Ceuta,41.6
2016-03,17 La Rioja,241.27
2016-03,16 País Vasco,1808.2
2016-03,15 Comunidad Foral de Navarra,504.56
2016-03,14 Región de Murcia,1054.4
2016-03,13 Comunidad de Madrid,4299.58
2016-03,12 Galicia,2938.43
2016-03,11 Extremadura,986.46
2016-03,10 Comunitat Valenciana,4279.91
2016-03,09 Cataluña,6075.53
2016-03,08 Castilla - La Mancha,1874.57
2016-03,07 Castilla y León,2577.5
2016-03,06 Cantabria,502.48
2016-03,05 Canarias,1401.23
2016-03,04 Illes Balears,784.72
2016-03,03 Principado de Asturias,1156.85
2016-03,02 Aragón,1265.86
2016-03,01 Andalucía,6813.96
2016-02,19 Melilla,46.2
2016-02,18 Ceuta,47.85
2016-02,17 La Rioja,271.15
2016-02,16 País Vasco,1835.44
2016-02,15 Comunidad Foral de Navarra,551.74
2016-02,14 Región de Murcia,976.37
2016-02,13 Comunidad de Madrid,3904.05
2016-02,12 Galicia,2926.37
2016-02,11 Extremadura,963.44
2016-02,10 Comunitat Valenciana,3795.65
2016-02,09 Cataluña,5548.33
2016-02,08 Castilla - La Mancha,1579.34
2016-02,07 Castilla y León,2408.45
2016-02,06 Cantabria,480.94
2016-02,05 Canarias,1392.47
2016-02,04 Illes Balears,682.41
2016-02,03 Principado de Asturias,1134.66
2016-02,02 Aragón,1227.54
2016-02,01 Andalucía,6192.92
2016-01,19 Melilla,46.2
2016-01,18 Ceuta,47.84
2016-01,17 La Rioja,303.57
2016-01,16 País Vasco,2036.52
2016-01,15 Comunidad Foral de Navarra,565.08
2016-01,14 Región de Murcia,1084.18
2016-01,13 Comunidad de Madrid,4309.89
2016-01,12 Galicia,3024.79
2016-01,11 Extremadura,1075.64
2016-01,10 Comunitat Valenciana,4070.3
2016-01,09 Cataluña,6192.98
2016-01,08 Castilla - La Mancha,1730.36
2016-01,07 Castilla y León,2593.93
2016-01,06 Cantabria,561.92
2016-01,05 Canarias,1499.87
2016-01,04 Illes Balears,751.97
2016-01,03 Principado de Asturias,1274
2016-01,02 Aragón,1296.6
2016-01,01 Andalucía,6403.87
2015-12,19 Melilla,35.7
2015-12,18 Ceuta,50.96
2015-12,17 La Rioja,271.15
2015-12,16 País Vasco,1851.82
2015-12,15 Comunidad Foral de Navarra,461.51
2015-12,14 Región de Murcia,1029.74
2015-12,13 Comunidad de Madrid,3990.53
2015-12,12 Galicia,2780.27
2015-12,11 Extremadura,980.29
2015-12,10 Comunitat Valenciana,3958.93
2015-12,09 Cataluña,5990.47
2015-12,08 Castilla - La Mancha,1738.36
2015-12,07 Castilla y León,2291.81
2015-12,06 Cantabria,484.72
2015-12,05 Canarias,1417.06
2015-12,04 Illes Balears,717.18
2015-12,03 Principado de Asturias,1207.37
2015-12,02 Aragón,1241.58
2015-12,01 Andalucía,6358.05
2015-11,19 Melilla,42
2015-11,18 Ceuta,37.44
2015-11,17 La Rioja,278.93
2015-11,16 País Vasco,1638.67
2015-11,15 Comunidad Foral de Navarra,444.07
2015-11,14 Región de Murcia,864.45
2015-11,13 Comunidad de Madrid,3653.84
2015-11,12 Galicia,2433.09
2015-11,11 Extremadura,869.33
2015-11,10 Comunitat Valenciana,3508.67
2015-11,09 Cataluña,5175.27
2015-11,08 Castilla - La Mancha,1493.75
2015-11,07 Castilla y León,2231.89
2015-11,06 Cantabria,448.05
2015-11,05 Canarias,1270.02
2015-11,04 Illes Balears,620.01
2015-11,03 Principado de Asturias,1060.96
2015-11,02 Aragón,1128.62
2015-11,01 Andalucía,5554.65
2015-10,19 Melilla,37.8
2015-10,18 Ceuta,39.52
2015-10,17 La Rioja,241.3
2015-10,16 País Vasco,1671.19
2015-10,15 Comunidad Foral de Navarra,417.4
2015-10,14 Región de Murcia,845.98
2015-10,13 Comunidad de Madrid,3544.35
2015-10,12 Galicia,2503.15
2015-10,11 Extremadura,810
2015-10,10 Comunitat Valenciana,3392.83
2015-10,09 Cataluña,5072.1
2015-10,08 Castilla - La Mancha,1468.45
2015-10,07 Castilla y León,2277.86
2015-10,06 Cantabria,408.8
2015-10,05 Canarias,1197.32
2015-10,04 Illes Balears,624.11
2015-10,03 Principado de Asturias,1087.19
2015-10,02 Aragón,1218.98
2015-10,01 Andalucía,5390.27
2015-09,19 Melilla,42
2015-09,18 Ceuta,31.2
2015-09,17 La Rioja,229.61
2015-09,16 País Vasco,1540.94
2015-09,15 Comunidad Foral de Navarra,409.2
2015-09,14 Región de Murcia,786.42
2015-09,13 Comunidad de Madrid,3181.14
2015-09,12 Galicia,2276.88
2015-09,11 Extremadura,727.55
2015-09,10 Comunitat Valenciana,3221.2
2015-09,09 Cataluña,4578.53
2015-09,08 Castilla - La Mancha,1299.68
2015-09,07 Castilla y León,1985.81
2015-09,06 Cantabria,389.85
2015-09,05 Canarias,1103
2015-09,04 Illes Balears,626.15
2015-09,03 Principado de Asturias,916.61
2015-09,02 Aragón,996.68
2015-09,01 Andalucía,4769.85
2015-08,19 Melilla,52.5
2015-08,18 Ceuta,41.6
2015-08,17 La Rioja,241.28
2015-08,16 País Vasco,1541.11
2015-08,15 Comunidad Foral de Navarra,441
2015-08,14 Región de Murcia,939.41
2015-08,13 Comunidad de Madrid,3243.43
2015-08,12 Galicia,2392.7
2015-08,11 Extremadura,849.91
2015-08,10 Comunitat Valenciana,3530.51
2015-08,09 Cataluña,4675.92
2015-08,08 Castilla - La Mancha,1544.93
2015-08,07 Castilla y León,2079.32
2015-08,06 Cantabria,449.34
2015-08,05 Canarias,1158.44
2015-08,04 Illes Balears,666.04
2015-08,03 Principado de Asturias,978.18
2015-08,02 Aragón,1118.04
2015-08,01 Andalucía,5438.52
2015-07,19 Melilla,40.95
2015-07,18 Ceuta,44.72
2015-07,17 La Rioja,243.91
2015-07,16 País Vasco,1689.24
2015-07,15 Comunidad Foral de Navarra,486.08
2015-07,14 Región de Murcia,880.89
2015-07,13 Comunidad de Madrid,4420.6
2015-07,12 Galicia,2506.29
2015-07,11 Extremadura,891.81
2015-07,10 Comunitat Valenciana,3820.82
2015-07,09 Cataluña,5680.65
2015-07,08 Castilla - La Mancha,1871
2015-07,07 Castilla y León,2431.42
2015-07,06 Cantabria,437.91
2015-07,05 Canarias,1198.49
2015-07,04 Illes Balears,705.93
2015-07,03 Principado de Asturias,1080.14
2015-07,02 Aragón,1255.82
2015-07,01 Andalucía,6101.86
2015-06,19 Melilla,29.4
2015-06,18 Ceuta,28.08
2015-06,17 La Rioja,230.9
2015-06,16 País Vasco,1527.31
2015-06,15 Comunidad Foral de Navarra,446.11
2015-06,14 Región de Murcia,789.5
2015-06,13 Comunidad de Madrid,3591.63
2015-06,12 Galicia,2287.04
2015-06,11 Extremadura,827.08
2015-06,10 Comunitat Valenciana,3277.89
2015-06,09 Cataluña,4878.85
2015-06,08 Castilla - La Mancha,1530.6
2015-06,07 Castilla y León,2175.03
2015-06,06 Cantabria,397.43
2015-06,05 Canarias,1215.24
2015-06,04 Illes Balears,722.31
2015-06,03 Principado de Asturias,1020.58
2015-06,02 Aragón,1049.09
2015-06,01 Andalucía,5336.95
2015-05,19 Melilla,47.25
2015-05,18 Ceuta,29.12
2015-05,17 La Rioja,256.87
2015-05,16 País Vasco,1639.89
2015-05,15 Comunidad Foral de Navarra,445.08
2015-05,14 Región de Murcia,864.45
2015-05,13 Comunidad de Madrid,3679.23
2015-05,12 Galicia,2438.39
2015-05,11 Extremadura,868.17
2015-05,10 Comunitat Valenciana,3646.27
2015-05,09 Cataluña,5043.46
2015-05,08 Castilla - La Mancha,1510.04
2015-05,07 Castilla y León,2271.41
2015-05,06 Cantabria,418.96
2015-05,05 Canarias,1223.35
2015-05,04 Illes Balears,708
2015-05,03 Principado de Asturias,1086.19
2015-05,02 Aragón,1210.51
2015-05,01 Andalucía,5654.78
2015-04,19 Melilla,53.55
2015-04,18 Ceuta,42.64
2015-04,17 La Rioja,256.85
2015-04,16 País Vasco,1758.59
2015-04,15 Comunidad Foral de Navarra,470.76
2015-04,14 Región de Murcia,832.62
2015-04,13 Comunidad de Madrid,3711.5
2015-04,12 Galicia,2685.99
2015-04,11 Extremadura,942.58
2015-04,10 Comunitat Valenciana,3589.79
2015-04,09 Cataluña,5189.34
2015-04,08 Castilla - La Mancha,1575.12
2015-04,07 Castilla y León,2333.71
2015-04,06 Cantabria,456.88
2015-04,05 Canarias,1333.1
2015-04,04 Illes Balears,749.93
2015-04,03 Principado de Asturias,1121.52
2015-04,02 Aragón,1178.43
2015-04,01 Andalucía,5760.99
2015-03,19 Melilla,46.2
2015-03,18 Ceuta,43.68
2015-03,17 La Rioja,293.18
2015-03,16 País Vasco,2043.04
2015-03,15 Comunidad Foral de Navarra,590.73
2015-03,14 Región de Murcia,1058.47
2015-03,13 Comunidad de Madrid,4115.08
2015-03,12 Galicia,3012.83
2015-03,11 Extremadura,1057.53
2015-03,10 Comunitat Valenciana,4114.94
2015-03,09 Cataluña,6327.06
2015-03,08 Castilla - La Mancha,1746.55
2015-03,07 Castilla y León,2512.13
2015-03,06 Cantabria,521.42
2015-03,05 Canarias,1629.74
2015-03,04 Illes Balears,804.15
2015-03,03 Principado de Asturias,1204.33
2015-03,02 Aragón,1394.09
2015-03,01 Andalucía,6894.6
2015-02,19 Melilla,52.5
2015-02,18 Ceuta,52.01
2015-02,17 La Rioja,304.87
2015-02,16 País Vasco,2185
2015-02,15 Comunidad Foral de Navarra,562.04
2015-02,14 Región de Murcia,1217.61
2015-02,13 Comunidad de Madrid,4697.35
2015-02,12 Galicia,3112.94
2015-02,11 Extremadura,1196.87
2015-02,10 Comunitat Valenciana,4691.93
2015-02,09 Cataluña,6785.83
2015-02,08 Castilla - La Mancha,2035.68
2015-02,07 Castilla y León,2792.92
2015-02,06 Cantabria,529.04
2015-02,05 Canarias,1504.05
2015-02,04 Illes Balears,932.08
2015-02,03 Principado de Asturias,1397.12
2015-02,02 Aragón,1417.69
2015-02,01 Andalucía,7435.23
2015-01,19 Melilla,55.65
2015-01,18 Ceuta,39.52
2015-01,17 La Rioja,343.79
2015-01,16 País Vasco,2303.9
2015-01,15 Comunidad Foral de Navarra,551.75
2015-01,14 Región de Murcia,1286.39
2015-01,13 Comunidad de Madrid,5465.24
2015-01,12 Galicia,3668.81
2015-01,11 Extremadura,1367.43
2015-01,10 Comunitat Valenciana,5067.88
2015-01,09 Cataluña,6909.37
2015-01,08 Castilla - La Mancha,2369.09
2015-01,07 Castilla y León,3390.35
2015-01,06 Cantabria,621.42
2015-01,05 Canarias,1675.29
2015-01,04 Illes Balears,845.09
2015-01,03 Principado de Asturias,1516.23
2015-01,02 Aragón,1561.91
2015-01,01 Andalucía,8816.4
